Índice,Pista,Tam. (KB),Hora,Nº placa,Marca,Cor placa,Cor veículo,Veloc.km/h,Região,Tipo evento,Tam. Veíc.
1,1,"833,91",08/05/2025 17:01:50,RPT0D22,Desconhecido,White,Brown,0,ASCON GENIPABU,ANPR,
2,1,"818,48",08/05/2025 17:02:06,RPU5H11,Desconhecido,White,White,0,ASCON GENIPABU,ANPR,
3,1,"981,15",08/05/2025 17:02:07,PLR4B46,Desconhecido,White,White,0,ASCON GENIPABU,ANPR,
4,1,"1069,31",08/05/2025 17:02:19,PLD9E06,Desconhecido,White,Black,0,ASCON GENIPABU,ANPR,
5,1,"991,49",08/05/2025 17:02:34,SKA0I21,Desconhecido,White,White,0,ASCON GENIPABU,ANPR,
6,1,"1071,52",08/05/2025 17:03:33,NTO8043,Desconhecido,White,Black,0,ASCON GENIPABU,ANPR,
7,1,"1004,73",08/05/2025 17:04:06,JQR0F82,Desconhecido,White,Brown,0,ASCON GENIPABU,ANPR,
8,1,"1048,59",08/05/2025 17:04:30,JRJ4278,Desconhecido,White,Black,0,ASCON GENIPABU,ANPR,
9,1,"996,35",08/05/2025 17:04:42,RPW1A69,Desconhecido,White,Blue,0,ASCON GENIPABU,ANPR,
10,1,"1064,6",08/05/2025 17:05:32,SJR0E70,Desconhecido,White,Black,0,ASCON GENIPABU,ANPR,
11,1,"992,16",08/05/2025 17:06:20,JQN9356,Desconhecido,White,Black,0,ASCON GENIPABU,ANPR,
12,1,"1024,24",08/05/2025 17:07:38,OKZ4E11,Desconhecido,White,Black,0,ASCON GENIPABU,ANPR,
13,1,"1018,15",08/05/2025 17:07:57,SJT4D01,Desconhecido,White,Black,0,ASCON GENIPABU,ANPR,
14,1,"986,3",08/05/2025 17:08:30,JHU7H93,Desconhecido,White,Gray,0,ASCON GENIPABU,ANPR,
15,1,"965,81",08/05/2025 17:08:55,PZJ4C99,Desconhecido,White,Black,0,ASCON GENIPABU,ANPR,
16,1,"987,67",08/05/2025 17:10:35,,Desconhecido,Desconhecido,Black,0,ASCON GENIPABU,ANPR,
17,1,"1006,58",08/05/2025 17:10:52,NZX9166,Desconhecido,White,Black,0,ASCON GENIPABU,ANPR,
18,1,"944,97",08/05/2025 17:10:55,PLF4373,Desconhecido,White,White,0,ASCON GENIPABU,ANPR,
19,1,"964,31",08/05/2025 17:12:15,,Desconhecido,Desconhecido,Black,0,ASCON GENIPABU,ANPR,
20,1,"964,45",08/05/2025 17:12:55,JPR8E22,Desconhecido,White,Black,0,ASCON GENIPABU,ANPR,
21,1,"937,1",08/05/2025 17:13:41,OCW7J27,Desconhecido,White,Silver,0,ASCON GENIPABU,ANPR,
22,1,"858,34",08/05/2025 17:15:56,RNG8C43,Desconhecido,White,White,0,ASCON GENIPABU,ANPR,
23,1,"885,21",08/05/2025 17:16:20,STM1J34,Desconhecido,White,Silver,0,ASCON GENIPABU,ANPR,
24,1,"960,95",08/05/2025 17:16:50,NYM1938,Desconhecido,White,Red,0,ASCON GENIPABU,ANPR,
25,1,"1009,33",08/05/2025 17:17:04,JSI5034,Desconhecido,White,Black,0,ASCON GENIPABU,ANPR,
26,1,"916,2",08/05/2025 17:17:35,PLT7A48,Desconhecido,White,White,0,ASCON GENIPABU,ANPR,
27,1,"957,78",08/05/2025 17:19:58,SJS1I89,Desconhecido,White,White,0,ASCON GENIPABU,ANPR,
28,1,"911,92",08/05/2025 17:21:56,NZG6E21,Desconhecido,White,Black,0,ASCON GENIPABU,ANPR,
29,1,"901,55",08/05/2025 17:22:14,LMB6A88,Desconhecido,White,White,0,ASCON GENIPABU,ANPR,
30,1,"766,73",08/05/2025 17:22:32,RPJ0J35,Desconhecido,White,Black,0,ASCON GENIPABU,ANPR,
31,1,"758,66",08/05/2025 17:26:10,,Desconhecido,Desconhecido,Black,0,ASCON GENIPABU,ANPR,
32,1,"794,31",08/05/2025 17:26:10,OCW7J27,Desconhecido,White,Silver,0,ASCON GENIPABU,ANPR,
33,1,"814,17",08/05/2025 17:27:16,OZR2003,Desconhecido,White,Black,0,ASCON GENIPABU,ANPR,
34,1,"843,56",08/05/2025 17:28:48,HWM1344,Desconhecido,White,Black,0,ASCON GENIPABU,ANPR,
35,1,"1018,42",08/05/2025 17:28:51,RPB7I93,Desconhecido,White,Silver,0,ASCON GENIPABU,ANPR,
36,1,"782,88",08/05/2025 17:30:29,FKW5131,Desconhecido,White,White,0,ASCON GENIPABU,ANPR,
37,1,"945,37",08/05/2025 17:31:02,PKH7347,Desconhecido,White,White,0,ASCON GENIPABU,ANPR,
38,1,"932,44",08/05/2025 17:31:15,EAX7B71,Desconhecido,White,Black,0,ASCON GENIPABU,ANPR,
39,1,"1047,23",08/05/2025 17:37:30,RPR9H36,Desconhecido,White,Black,0,ASCON GENIPABU,ANPR,
40,1,"861,6",08/05/2025 17:42:19,RPG7I36,Desconhecido,White,Gray,0,ASCON GENIPABU,ANPR,
41,1,1032,08/05/2025 17:46:40,QSK9C23,Desconhecido,White,Black,0,ASCON GENIPABU,ANPR,
42,1,"664,64",08/05/2025 18:27:10,NZU710,Desconhecido,White,Gray,0,ASCON GENIPABU,ANPR,
43,1,"706,07",08/05/2025 18:31:47,QQW4I40,Desconhecido,White,White,0,ASCON GENIPABU,ANPR,
44,1,"721,56",08/05/2025 18:44:00,PKL8324,Desconhecido,White,Black,0,ASCON GENIPABU,ANPR,
45,1,"1019,2",08/05/2025 18:50:34,PLM4J58,Desconhecido,White,Black,0,ASCON GENIPABU,ANPR,
46,1,"727,92",08/05/2025 19:05:37,PKP0989,Desconhecido,White,Silver,0,ASCON GENIPABU,ANPR,
47,1,"644,33",08/05/2025 19:13:12,SKT3G26,Desconhecido,White,Black,0,ASCON GENIPABU,ANPR,
48,1,"639,84",08/05/2025 20:52:37,,Desconhecido,Desconhecido,Black,0,ASCON GENIPABU,ANPR,
49,1,"849,34",08/05/2025 21:00:51,PLH7G48,Desconhecido,White,Black,0,ASCON GENIPABU,ANPR,
50,1,"574,93",08/05/2025 21:01:11,RDP2G22,Desconhecido,White,Black,0,ASCON GENIPABU,ANPR,
51,1,"522,08",08/05/2025 21:15:56,,Desconhecido,Desconhecido,Black,0,ASCON GENIPABU,ANPR,
52,1,"732,12",08/05/2025 21:32:20,NZP1960,Desconhecido,White,Gray,0,ASCON GENIPABU,ANPR,
53,1,"797,21",08/05/2025 21:42:18,MB4526Z,Desconhecido,Black,Black,0,ASCON GENIPABU,ANPR,
54,1,"594,79",08/05/2025 21:48:38,,Desconhecido,Desconhecido,Black,0,ASCON GENIPABU,ANPR,
55,1,"553,84",08/05/2025 23:42:46,B480Z4,Desconhecido,Black,Black,0,ASCON GENIPABU,ANPR,
56,1,"673,81",09/05/2025 01:56:29,LG0C33,Desconhecido,White,White,0,ASCON GENIPABU,ANPR,
57,1,471,09/05/2025 02:25:55,BKZ4238,Desconhecido,Black,Black,0,ASCON GENIPABU,ANPR,
58,1,"435,25",09/05/2025 03:30:32,MJ4224,Desconhecido,Black,Black,0,ASCON GENIPABU,ANPR,
59,1,"930,1",09/05/2025 05:29:59,SJX2E64,Desconhecido,White,Gray,0,ASCON GENIPABU,ANPR,
60,1,"905,3",09/05/2025 05:36:02,PKN5A00,Desconhecido,White,White,0,ASCON GENIPABU,ANPR,
61,1,"992,56",09/05/2025 05:38:16,SJJ3B28,Desconhecido,White,Black,0,ASCON GENIPABU,ANPR,
62,1,"1458,61",09/05/2025 05:43:40,JPU4E25,Desconhecido,White,Black,0,ASCON GENIPABU,ANPR,
63,1,"1067,76",09/05/2025 05:46:41,EHP5E96,Desconhecido,White,White,0,ASCON GENIPABU,ANPR,
64,1,"1171,83",09/05/2025 05:50:25,JSV2594,Desconhecido,White,Black,0,ASCON GENIPABU,ANPR,
65,1,"1074,4",09/05/2025 05:52:53,CJB9761,Desconhecido,White,Black,0,ASCON GENIPABU,ANPR,
66,1,"1152,62",09/05/2025 05:58:56,NZL2748,Desconhecido,White,Black,0,ASCON GENIPABU,ANPR,
67,1,"1118,45",09/05/2025 05:59:29,PJP3050,Desconhecido,White,Black,0,ASCON GENIPABU,ANPR,
68,1,"1092,93",09/05/2025 06:01:05,RPD7G20,Desconhecido,White,Black,0,ASCON GENIPABU,ANPR,
69,1,"1116,66",09/05/2025 06:02:33,SKF4A53,Desconhecido,White,Black,0,ASCON GENIPABU,ANPR,
70,1,"1065,58",09/05/2025 06:08:26,,Desconhecido,Desconhecido,Black,0,ASCON GENIPABU,ANPR,
71,1,"1059,38",09/05/2025 06:10:19,,Desconhecido,Desconhecido,Black,0,ASCON GENIPABU,ANPR,
72,1,1007,09/05/2025 06:14:13,OUL9G21,Desconhecido,White,Black,0,ASCON GENIPABU,ANPR,
73,1,"881,04",09/05/2025 06:14:26,PKE8446,Desconhecido,White,Red,0,ASCON GENIPABU,ANPR,
74,1,"997,77",09/05/2025 06:17:59,RPU9A28,Desconhecido,White,Black,0,ASCON GENIPABU,ANPR,
75,1,"944,67",09/05/2025 06:24:00,OCW7J27,Desconhecido,White,Gray,0,ASCON GENIPABU,ANPR,
76,1,"1048,12",09/05/2025 06:24:12,,Desconhecido,Desconhecido,Black,0,ASCON GENIPABU,ANPR,
77,1,"1149,91",09/05/2025 06:28:10,NZE0402,Desconhecido,White,Black,0,ASCON GENIPABU,ANPR,
78,1,"1030,02",09/05/2025 06:32:59,,Desconhecido,Desconhecido,Black,0,ASCON GENIPABU,ANPR,
79,1,"1083,65",09/05/2025 06:33:27,JRE8162,Desconhecido,White,Black,0,ASCON GENIPABU,ANPR,
80,1,"807,71",09/05/2025 06:35:11,SKO3J02,Desconhecido,White,Blue,0,ASCON GENIPABU,ANPR,
81,1,"1193,2",09/05/2025 06:38:17,SJR0I47,Desconhecido,White,Black,0,ASCON GENIPABU,ANPR,
82,1,"1101,21",09/05/2025 06:38:45,OZL1019,Desconhecido,White,White,0,ASCON GENIPABU,ANPR,
83,1,"1004,62",09/05/2025 06:39:17,NTL4757,Desconhecido,White,Blue,0,ASCON GENIPABU,ANPR,
84,1,"1022,11",09/05/2025 06:42:45,OKO8H31,Desconhecido,White,Silver,0,ASCON GENIPABU,ANPR,
85,1,"1027,81",09/05/2025 06:44:22,NYU6C39,Desconhecido,White,Silver,0,ASCON GENIPABU,ANPR,
86,1,"1062,67",09/05/2025 06:44:44,RDB4D19,Desconhecido,White,Black,0,ASCON GENIPABU,ANPR,
87,1,"1111,86",09/05/2025 06:47:57,NYQ6F16,Desconhecido,White,Black,0,ASCON GENIPABU,ANPR,
88,1,"1106,55",09/05/2025 06:48:02,NYZ5095,Desconhecido,White,Black,0,ASCON GENIPABU,ANPR,
89,1,"988,38",09/05/2025 06:49:49,OUK8137,Desconhecido,Black,Blue,0,ASCON GENIPABU,ANPR,
90,1,"1107,63",09/05/2025 06:49:54,OUR8635,Desconhecido,White,Black,0,ASCON GENIPABU,ANPR,
91,1,"1000,35",09/05/2025 06:50:17,PLH1D37,Desconhecido,White,Blue,0,ASCON GENIPABU,ANPR,
92,1,"1094,74",09/05/2025 06:50:37,SKQ7I32,Desconhecido,White,Black,0,ASCON GENIPABU,ANPR,
93,1,"1005,13",09/05/2025 06:51:02,RPC3J52,Desconhecido,White,Black,0,ASCON GENIPABU,ANPR,
94,1,"949,89",09/05/2025 06:51:26,PLQ9E46,Desconhecido,White,Silver,0,ASCON GENIPABU,ANPR,
95,1,"963,02",09/05/2025 06:51:58,OFH9F11,Desconhecido,White,Black,0,ASCON GENIPABU,ANPR,
96,1,"977,61",09/05/2025 06:52:48,JSG9294,Desconhecido,White,Blue,0,ASCON GENIPABU,ANPR,
97,1,"1072,34",09/05/2025 06:53:10,SJT1J33,Desconhecido,White,Black,0,ASCON GENIPABU,ANPR,
98,1,"987,34",09/05/2025 06:53:29,RDR0F37,Desconhecido,White,Blue,0,ASCON GENIPABU,ANPR,
99,1,"1019,32",09/05/2025 06:54:22,PKC0C66,Desconhecido,White,Black,0,ASCON GENIPABU,ANPR,
100,1,"832,13",09/05/2025 06:54:24,PJR3B59,Desconhecido,White,Silver,0,ASCON GENIPABU,ANPR,
101,1,"945,04",09/05/2025 06:54:27,SIU4I69,Desconhecido,White,Red,0,ASCON GENIPABU,ANPR,
102,1,"1041,6",09/05/2025 06:54:49,OVD2203,Desconhecido,White,Black,0,ASCON GENIPABU,ANPR,
103,1,"1100,35",09/05/2025 06:55:24,RCU0F12,Desconhecido,White,Black,0,ASCON GENIPABU,ANPR,
104,1,"1014,32",09/05/2025 06:55:39,OUX9994,Desconhecido,White,Blue,0,ASCON GENIPABU,ANPR,
105,1,"1035,67",09/05/2025 06:56:26,PKY3J96,Desconhecido,White,Blue,0,ASCON GENIPABU,ANPR,
106,1,"1088,92",09/05/2025 06:59:20,RPK1B41,Desconhecido,White,Black,0,ASCON GENIPABU,ANPR,
107,1,"1018,07",09/05/2025 07:02:19,RPL2C43,Desconhecido,White,Blue,0,ASCON GENIPABU,ANPR,
108,1,"995,58",09/05/2025 07:02:50,OKS8H14,Desconhecido,White,Red,0,ASCON GENIPABU,ANPR,
109,1,"958,85",09/05/2025 07:03:30,PUO1798,Desconhecido,White,Black,0,ASCON GENIPABU,ANPR,
110,1,"947,31",09/05/2025 07:03:39,SJV4A73,Desconhecido,White,Gray,0,ASCON GENIPABU,ANPR,
111,1,"1050,31",09/05/2025 07:04:30,NTI4335,Desconhecido,White,Black,0,ASCON GENIPABU,ANPR,
112,1,"906,95",09/05/2025 07:08:12,,Desconhecido,Desconhecido,Black,0,ASCON GENIPABU,ANPR,
113,1,"865,17",09/05/2025 07:08:39,QWU9C35,Desconhecido,White,Blue,0,ASCON GENIPABU,ANPR,
114,1,"939,41",09/05/2025 07:08:55,,Desconhecido,Desconhecido,Black,0,ASCON GENIPABU,ANPR,
115,1,"953,39",09/05/2025 07:09:00,,Desconhecido,Desconhecido,Black,0,ASCON GENIPABU,ANPR,
116,1,"880,02",09/05/2025 07:09:17,JSV9145,Desconhecido,White,Blue,0,ASCON GENIPABU,ANPR,
117,1,"979,69",09/05/2025 07:09:40,QUF0096,Desconhecido,White,Black,0,ASCON GENIPABU,ANPR,
118,1,"959,58",09/05/2025 07:17:32,HPN4G93,Desconhecido,White,Silver,0,ASCON GENIPABU,ANPR,
119,1,"952,32",09/05/2025 07:17:33,SJR4I37,Desconhecido,White,Black,0,ASCON GENIPABU,ANPR,
120,1,"1076,6",09/05/2025 07:17:34,SKF9G32,Desconhecido,White,Black,0,ASCON GENIPABU,ANPR,
121,1,"988,07",09/05/2025 07:18:08,,Desconhecido,Desconhecido,Black,0,ASCON GENIPABU,ANPR,
122,1,"1075,17",09/05/2025 07:19:50,QTZ4D39,Desconhecido,White,Black,0,ASCON GENIPABU,ANPR,
123,1,"978,18",09/05/2025 07:20:51,OVA7G90,Desconhecido,White,White,0,ASCON GENIPABU,ANPR,
124,1,"972,54",09/05/2025 07:21:05,NTS9698,Desconhecido,Yellow,Silver,0,ASCON GENIPABU,ANPR,
125,1,"1052,82",09/05/2025 07:21:15,,Desconhecido,Desconhecido,Black,0,ASCON GENIPABU,ANPR,
126,1,"1101,79",09/05/2025 07:21:20,PJW2013,Desconhecido,White,Black,0,ASCON GENIPABU,ANPR,
127,1,"1099,31",09/05/2025 07:21:36,OKZ4E11,Desconhecido,White,Black,0,ASCON GENIPABU,ANPR,
128,1,"1007,83",09/05/2025 07:23:00,RPB3I70,Desconhecido,White,White,0,ASCON GENIPABU,ANPR,
129,1,"1062,83",09/05/2025 07:23:23,,Desconhecido,Desconhecido,Black,0,ASCON GENIPABU,ANPR,
130,1,"1041,69",09/05/2025 07:24:24,ATD8069,Desconhecido,White,Black,0,ASCON GENIPABU,ANPR,
131,1,"955,38",09/05/2025 07:25:19,PCD4B50,Desconhecido,White,White,0,ASCON GENIPABU,ANPR,
132,1,"1039,36",09/05/2025 07:25:26,,Desconhecido,Desconhecido,Black,0,ASCON GENIPABU,ANPR,
133,1,"909,31",09/05/2025 07:28:05,SJV9H84,Desconhecido,White,Black,0,ASCON GENIPABU,ANPR,
134,1,"871,66",09/05/2025 07:28:33,DCZ5A32,Desconhecido,White,Silver,0,ASCON GENIPABU,ANPR,
135,1,"853,24",09/05/2025 07:28:46,BWV3D51,Desconhecido,White,Gray,0,ASCON GENIPABU,ANPR,
136,1,"1001,87",09/05/2025 07:28:59,JSY2160,Desconhecido,White,Black,0,ASCON GENIPABU,ANPR,
137,1,"906,22",09/05/2025 07:29:37,SKF2I88,Desconhecido,White,Black,0,ASCON GENIPABU,ANPR,
138,1,"1039,27",09/05/2025 07:30:41,PLU7I11,Desconhecido,White,Black,0,ASCON GENIPABU,ANPR,
139,1,"947,21",09/05/2025 07:31:00,NYL1159,Desconhecido,White,Blue,0,ASCON GENIPABU,ANPR,
140,1,953,09/05/2025 07:31:39,SKK7853,Desconhecido,White,Black,0,ASCON GENIPABU,ANPR,
141,1,"938,68",09/05/2025 07:32:08,PJK0C01,Desconhecido,White,Black,0,ASCON GENIPABU,ANPR,
142,1,"911,82",09/05/2025 07:33:04,SJQ0I60,Desconhecido,White,Black,0,ASCON GENIPABU,ANPR,
143,1,"844,75",09/05/2025 07:33:16,NZH7804,Desconhecido,Desconhecido,Silver,0,ASCON GENIPABU,ANPR,
144,1,"998,89",09/05/2025 07:35:21,JRS7421,Desconhecido,White,Black,0,ASCON GENIPABU,ANPR,
145,1,"933,39",09/05/2025 07:36:08,,Desconhecido,Desconhecido,Black,0,ASCON GENIPABU,ANPR,
146,1,"1000,88",09/05/2025 07:36:13,FYS0A03,Desconhecido,White,Black,0,ASCON GENIPABU,ANPR,
147,1,"1009,46",09/05/2025 07:36:44,JMZ9C21,Desconhecido,White,Black,0,ASCON GENIPABU,ANPR,
148,1,"1039,26",09/05/2025 07:37:34,RDO4A68,Desconhecido,White,Black,0,ASCON GENIPABU,ANPR,
149,1,"896,21",09/05/2025 07:37:59,PLL9G52,Desconhecido,White,Black,0,ASCON GENIPABU,ANPR,
150,1,"754,49",09/05/2025 07:38:16,PLY2H92,Desconhecido,White,Red,0,ASCON GENIPABU,ANPR,
151,1,"672,4",09/05/2025 07:38:55,HMC7B81,Desconhecido,White,Silver,0,ASCON GENIPABU,ANPR,
152,1,"734,3",09/05/2025 07:39:21,TDB2G48,Desconhecido,White,Gray,0,ASCON GENIPABU,ANPR,
153,1,"718,7",09/05/2025 07:39:31,RBF7B97,Desconhecido,White,Black,0,ASCON GENIPABU,ANPR,
154,1,"593,08",09/05/2025 07:42:28,JSJ0I60,Desconhecido,White,Black,0,ASCON GENIPABU,ANPR,
155,1,"534,87",09/05/2025 07:44:16,OVC2490,Desconhecido,White,Silver,0,ASCON GENIPABU,ANPR,
156,1,"594,61",09/05/2025 07:46:19,PXX7G56,Desconhecido,White,Silver,0,ASCON GENIPABU,ANPR,
157,1,"698,15",09/05/2025 07:51:46,MLI2C60,Desconhecido,White,Black,0,ASCON GENIPABU,ANPR,
158,1,"1035,02",09/05/2025 07:53:19,NZP7211,Desconhecido,White,Black,0,ASCON GENIPABU,ANPR,
159,1,"1177,83",09/05/2025 07:53:59,SJW3G88,Desconhecido,White,Black,0,ASCON GENIPABU,ANPR,
160,1,"1374,62",09/05/2025 07:56:21,QKN6J76,Desconhecido,White,White,0,ASCON GENIPABU,ANPR,
161,1,"1201,79",09/05/2025 07:56:33,PJQ6732,Desconhecido,White,Black,0,ASCON GENIPABU,ANPR,
162,1,"1246,47",09/05/2025 07:57:13,SJZ3I27,Desconhecido,White,Black,0,ASCON GENIPABU,ANPR,
163,1,"1037,41",09/05/2025 07:57:19,PLH1D37,Desconhecido,White,White,0,ASCON GENIPABU,ANPR,
164,1,"1132,69",09/05/2025 08:00:19,JRK5439,Desconhecido,White,Black,0,ASCON GENIPABU,ANPR,
165,1,"1122,8",09/05/2025 08:01:08,RPB4193,Desconhecido,White,Black,0,ASCON GENIPABU,ANPR,
166,1,"962,97",09/05/2025 08:02:08,RNQ7J45,Desconhecido,White,Silver,0,ASCON GENIPABU,ANPR,
167,1,"1160,43",09/05/2025 08:02:46,NZG6E21,Desconhecido,White,Black,0,ASCON GENIPABU,ANPR,
168,1,"1045,5",09/05/2025 08:03:46,PKU3201,Desconhecido,White,Black,0,ASCON GENIPABU,ANPR,
169,1,"1002,47",09/05/2025 08:04:21,PJQ3872,Desconhecido,White,Black,0,ASCON GENIPABU,ANPR,
170,1,"1047,65",09/05/2025 08:05:03,,Desconhecido,Desconhecido,Black,0,ASCON GENIPABU,ANPR,
171,1,"1050,5",09/05/2025 08:05:26,,Desconhecido,Desconhecido,Black,0,ASCON GENIPABU,ANPR,
172,1,"1002,36",09/05/2025 08:05:47,NZE1C11,Desconhecido,White,Gray,0,ASCON GENIPABU,ANPR,
173,1,"1101,2",09/05/2025 08:06:14,SKN1C60,Desconhecido,White,Black,0,ASCON GENIPABU,ANPR,
174,1,"1004,41",09/05/2025 08:06:30,NYL3G80,Desconhecido,White,Black,0,ASCON GENIPABU,ANPR,
175,1,"1006,49",09/05/2025 08:07:43,JSD5C11,Desconhecido,White,Black,0,ASCON GENIPABU,ANPR,
176,1,"1036,92",09/05/2025 08:08:06,JOU2887,Desconhecido,White,Red,0,ASCON GENIPABU,ANPR,
177,1,"953,81",09/05/2025 08:08:25,DQ6E03,Desconhecido,White,Blue,0,ASCON GENIPABU,ANPR,
178,1,"1024,8",09/05/2025 08:08:58,TCL4B13,Desconhecido,White,Silver,0,ASCON GENIPABU,ANPR,
179,1,"996,5",09/05/2025 08:09:10,NZC3797,Desconhecido,White,White,0,ASCON GENIPABU,ANPR,
180,1,"997,77",09/05/2025 08:09:46,RPU5H11,Desconhecido,White,White,0,ASCON GENIPABU,ANPR,
181,1,"990,6",09/05/2025 08:10:13,QPQ0A98,Desconhecido,White,White,0,ASCON GENIPABU,ANPR,
182,1,"994,78",09/05/2025 08:10:50,PLK2A29,Desconhecido,White,White,0,ASCON GENIPABU,ANPR,
183,1,"1055,46",09/05/2025 08:10:57,SJQ0I60,Desconhecido,White,Black,0,ASCON GENIPABU,ANPR,
184,1,"1090,47",09/05/2025 08:11:21,PJZ0D79,Desconhecido,White,Black,0,ASCON GENIPABU,ANPR,
185,1,"1040,98",09/05/2025 08:11:35,NZR1I96,Desconhecido,White,Black,0,ASCON GENIPABU,ANPR,
186,1,"978,06",09/05/2025 08:12:17,RDC8D19,Desconhecido,White,Blue,0,ASCON GENIPABU,ANPR,
187,1,"950,66",09/05/2025 08:14:26,JNW1C2,Desconhecido,White,Black,0,ASCON GENIPABU,ANPR,
188,1,"966,45",09/05/2025 08:14:42,PKF3128,Desconhecido,White,White,0,ASCON GENIPABU,ANPR,
189,1,"1052,65",09/05/2025 08:15:46,RDN5108,Desconhecido,White,Black,0,ASCON GENIPABU,ANPR,
190,1,"1083,14",09/05/2025 08:18:11,NZO4G19,Desconhecido,White,Black,0,ASCON GENIPABU,ANPR,
191,1,"1018,53",09/05/2025 08:18:51,NZW9993,Desconhecido,White,Green,0,ASCON GENIPABU,ANPR,
192,1,"1151,22",09/05/2025 08:19:41,RPA5B61,Desconhecido,White,Black,0,ASCON GENIPABU,ANPR,
193,1,"1105,05",09/05/2025 08:19:44,RCW6A59,Desconhecido,White,Black,0,ASCON GENIPABU,ANPR,
194,1,"997,43",09/05/2025 08:19:57,SIU9D13,Desconhecido,White,Black,0,ASCON GENIPABU,ANPR,
195,1,"971,62",09/05/2025 08:20:31,TDD3E14,Desconhecido,White,White,0,ASCON GENIPABU,ANPR,
196,1,"981,92",09/05/2025 08:21:49,PYD3G71,Desconhecido,White,Silver,0,ASCON GENIPABU,ANPR,
197,1,"1131,33",09/05/2025 08:22:24,OVD7902,Desconhecido,Black,Black,0,ASCON GENIPABU,ANPR,
198,1,"1135,95",09/05/2025 08:23:21,JSS0D37,Desconhecido,White,Black,0,ASCON GENIPABU,ANPR,
199,1,"1012,64",09/05/2025 08:25:33,QUX9H97,Desconhecido,White,Black,0,ASCON GENIPABU,ANPR,
200,1,"1113,78",09/05/2025 08:26:53,PJP3J02,Desconhecido,White,Black,0,ASCON GENIPABU,ANPR,
201,1,"1070,99",09/05/2025 08:27:45,,Desconhecido,Desconhecido,Black,0,ASCON GENIPABU,ANPR,
202,1,"1018,6",09/05/2025 08:28:31,RDP2G22,Desconhecido,White,Gray,0,ASCON GENIPABU,ANPR,
203,1,"1142,56",09/05/2025 08:30:09,RDL8F63,Desconhecido,White,Black,0,ASCON GENIPABU,ANPR,
204,1,"1008,38",09/05/2025 08:30:51,NZK2911,Desconhecido,White,Black,0,ASCON GENIPABU,ANPR,
205,1,"997,39",09/05/2025 08:30:59,JOK1490,Desconhecido,White,Silver,0,ASCON GENIPABU,ANPR,
206,1,"1056,85",09/05/2025 08:32:47,NTU0069,Desconhecido,White,Black,0,ASCON GENIPABU,ANPR,
207,1,"998,79",09/05/2025 08:34:09,RPU4F04,Desconhecido,White,Black,0,ASCON GENIPABU,ANPR,
208,1,"1005,88",09/05/2025 08:34:11,PKE6351,Desconhecido,White,Blue,0,ASCON GENIPABU,ANPR,
209,1,"1015,82",09/05/2025 08:36:05,TDC5E76,Desconhecido,White,Black,0,ASCON GENIPABU,ANPR,
210,1,"1000,96",09/05/2025 08:36:40,EKM2G15,Desconhecido,White,Silver,0,ASCON GENIPABU,ANPR,
211,1,"982,18",09/05/2025 08:37:30,PLR4B46,Desconhecido,White,White,0,ASCON GENIPABU,ANPR,
212,1,"1000,16",09/05/2025 08:39:16,PLN1D21,Desconhecido,White,White,0,ASCON GENIPABU,ANPR,
213,1,"1059,3",09/05/2025 08:40:01,OKT4884,Desconhecido,White,Black,0,ASCON GENIPABU,ANPR,
214,1,"1050,84",09/05/2025 08:40:14,SJT4D01,Desconhecido,White,Black,0,ASCON GENIPABU,ANPR,
215,1,"1010,03",09/05/2025 08:40:21,RPW5B09,Desconhecido,White,Black,0,ASCON GENIPABU,ANPR,
216,1,"989,32",09/05/2025 08:41:23,NYU4J63,Desconhecido,White,White,0,ASCON GENIPABU,ANPR,
217,1,"993,37",09/05/2025 08:44:34,QXH7C35,Desconhecido,White,Blue,0,ASCON GENIPABU,ANPR,
218,1,"1083,84",09/05/2025 08:49:03,OZB6452,Desconhecido,White,Black,0,ASCON GENIPABU,ANPR,
219,1,"1085,32",09/05/2025 08:49:41,JSZ8J36,Desconhecido,White,Black,0,ASCON GENIPABU,ANPR,
220,1,"977,2",09/05/2025 08:49:59,RDQ3E95,Desconhecido,White,White,0,ASCON GENIPABU,ANPR,
221,1,"993,4",09/05/2025 08:50:33,SJX5J35,Desconhecido,White,Blue,0,ASCON GENIPABU,ANPR,
222,1,"1009,28",09/05/2025 08:51:01,NYL3347,Desconhecido,White,Silver,0,ASCON GENIPABU,ANPR,
223,1,"982,53",09/05/2025 08:52:33,RCS6B02,Desconhecido,White,Red,0,ASCON GENIPABU,ANPR,
224,1,"988,64",09/05/2025 08:53:22,SJS1I89,Desconhecido,White,White,0,ASCON GENIPABU,ANPR,
225,1,"870,27",09/05/2025 08:53:35,GHY3B65,Desconhecido,White,Silver,0,ASCON GENIPABU,ANPR,
226,1,"1019,74",09/05/2025 08:56:28,PLP2B08,Desconhecido,White,Black,0,ASCON GENIPABU,ANPR,
227,1,"977,21",09/05/2025 08:56:28,RDF6J33,Desconhecido,White,Black,0,ASCON GENIPABU,ANPR,
228,1,"876,25",09/05/2025 08:56:41,JSC1297,Desconhecido,White,Black,0,ASCON GENIPABU,ANPR,
229,1,"1010,67",09/05/2025 08:57:17,JOQ9I52,Desconhecido,White,Black,0,ASCON GENIPABU,ANPR,
230,1,"1002,17",09/05/2025 08:58:03,QOW2G16,Desconhecido,White,Silver,0,ASCON GENIPABU,ANPR,
231,1,"1102,48",09/05/2025 08:58:13,RPH9J93,Desconhecido,White,Black,0,ASCON GENIPABU,ANPR,
232,1,"993,39",09/05/2025 08:58:19,OUR5H39,Desconhecido,White,White,0,ASCON GENIPABU,ANPR,
233,1,"1014,14",09/05/2025 08:59:06,OZS0163,Desconhecido,White,Black,0,ASCON GENIPABU,ANPR,
234,1,"1093,5",09/05/2025 08:59:07,JQI4302,Desconhecido,White,Black,0,ASCON GENIPABU,ANPR,
235,1,"977,29",09/05/2025 08:59:36,PLW5C99,Desconhecido,White,Blue,0,ASCON GENIPABU,ANPR,
236,1,"1088,78",09/05/2025 08:59:46,RCV8B70,Desconhecido,White,Black,0,ASCON GENIPABU,ANPR,
237,1,"982,87",09/05/2025 09:02:34,MZL4594,Desconhecido,White,Red,0,ASCON GENIPABU,ANPR,
238,1,"1070,43",09/05/2025 09:02:39,OZS7586,Desconhecido,White,Black,0,ASCON GENIPABU,ANPR,
239,1,"1077,34",09/05/2025 09:02:59,JSQ4H16,Desconhecido,White,Black,0,ASCON GENIPABU,ANPR,
240,1,"1043,11",09/05/2025 09:04:30,SJW6A23,Desconhecido,White,Black,0,ASCON GENIPABU,ANPR,
241,1,"966,58",09/05/2025 09:08:31,FLK0H10,Desconhecido,White,White,0,ASCON GENIPABU,ANPR,
242,1,"986,89",09/05/2025 09:08:42,PJA3F39,Desconhecido,White,White,0,ASCON GENIPABU,ANPR,
243,1,"1069,19",09/05/2025 09:08:44,RDN0E16,Desconhecido,White,Black,0,ASCON GENIPABU,ANPR,
244,1,"1020,18",09/05/2025 09:09:38,NYR4624,Desconhecido,White,Black,0,ASCON GENIPABU,ANPR,
245,1,"959,99",09/05/2025 09:09:48,PKZ4117,Desconhecido,White,Blue,0,ASCON GENIPABU,ANPR,
246,1,"910,67",09/05/2025 09:11:20,OKM0E49,Desconhecido,White,Black,0,ASCON GENIPABU,ANPR,
247,1,"981,12",09/05/2025 09:12:11,TCO8B93,Desconhecido,White,Gray,0,ASCON GENIPABU,ANPR,
248,1,"976,15",09/05/2025 09:14:52,GCP4A63,Desconhecido,White,Black,0,ASCON GENIPABU,ANPR,
249,1,"976,86",09/05/2025 09:15:17,QXI1F19,Desconhecido,White,Silver,0,ASCON GENIPABU,ANPR,
250,1,"962,75",09/05/2025 09:16:10,OUQ7598,Desconhecido,White,Black,0,ASCON GENIPABU,ANPR,
251,1,"964,25",09/05/2025 09:16:13,OKT6861,Desconhecido,White,Silver,0,ASCON GENIPABU,ANPR,
252,1,"954,86",09/05/2025 09:16:53,RPS1J00,Desconhecido,White,Black,0,ASCON GENIPABU,ANPR,
253,1,"973,79",09/05/2025 09:18:32,LQT1J65,Desconhecido,White,Blue,0,ASCON GENIPABU,ANPR,
254,1,"1000,42",09/05/2025 09:19:12,,Desconhecido,Desconhecido,Black,0,ASCON GENIPABU,ANPR,
255,1,"967,99",09/05/2025 09:22:45,PJT2458,Desconhecido,White,White,0,ASCON GENIPABU,ANPR,
256,1,"1006,28",09/05/2025 09:22:59,SJJ9I65,Desconhecido,White,Black,0,ASCON GENIPABU,ANPR,
257,1,"1080,16",09/05/2025 09:25:41,JQY7123,Desconhecido,White,Black,0,ASCON GENIPABU,ANPR,
258,1,"1046,98",09/05/2025 09:26:13,RPT7C07,Desconhecido,White,Black,0,ASCON GENIPABU,ANPR,
259,1,"952,42",09/05/2025 09:29:10,OLK3B47,Desconhecido,White,Black,0,ASCON GENIPABU,ANPR,
260,1,"950,11",09/05/2025 09:33:39,TDS7I77,Desconhecido,White,White,0,ASCON GENIPABU,ANPR,
261,1,"962,16",09/05/2025 09:35:25,OVA4C12,Desconhecido,White,White,0,ASCON GENIPABU,ANPR,
262,1,"1048,81",09/05/2025 09:35:37,RPI7D91,Desconhecido,White,Black,0,ASCON GENIPABU,ANPR,
263,1,"958,38",09/05/2025 09:36:27,PLA0757,Desconhecido,White,Black,0,ASCON GENIPABU,ANPR,
264,1,"1038,99",09/05/2025 09:36:32,RPR2F62,Desconhecido,White,Black,0,ASCON GENIPABU,ANPR,
265,1,"952,05",09/05/2025 09:37:49,PLZ6A77,Desconhecido,White,Gray,0,ASCON GENIPABU,ANPR,
266,1,"1000,1",09/05/2025 09:38:33,JRA2996,Desconhecido,White,Black,0,ASCON GENIPABU,ANPR,
267,1,"988,78",09/05/2025 09:39:52,RPD0E31,Desconhecido,White,Black,0,ASCON GENIPABU,ANPR,
268,1,"990,4",09/05/2025 09:40:05,SKI9643,Desconhecido,White,Black,0,ASCON GENIPABU,ANPR,
269,1,"941,21",09/05/2025 09:44:34,RDR0J13,Desconhecido,White,Red,0,ASCON GENIPABU,ANPR,
270,1,"950,16",09/05/2025 09:49:00,PBK9A96,Desconhecido,White,Blue,0,ASCON GENIPABU,ANPR,
271,1,"923,35",09/05/2025 09:49:08,TDD3E12,Desconhecido,White,White,0,ASCON GENIPABU,ANPR,
272,1,"968,29",09/05/2025 09:49:43,PLT7A48,Desconhecido,White,White,0,ASCON GENIPABU,ANPR,
273,1,"916,1",09/05/2025 09:49:47,PLG6382,Desconhecido,Desconhecido,White,0,ASCON GENIPABU,ANPR,
274,1,943,09/05/2025 09:50:48,OUS9561,Desconhecido,White,White,0,ASCON GENIPABU,ANPR,
275,1,"966,25",09/05/2025 09:50:51,GKE6G43,Desconhecido,White,Gray,0,ASCON GENIPABU,ANPR,
276,1,"1104,16",09/05/2025 09:53:18,JSP9252,Desconhecido,White,Black,0,ASCON GENIPABU,ANPR,
277,1,"946,39",09/05/2025 09:53:38,RNO4C14,Desconhecido,White,White,0,ASCON GENIPABU,ANPR,
278,1,"1101,58",09/05/2025 09:54:15,NZY1229,Desconhecido,White,Black,0,ASCON GENIPABU,ANPR,
279,1,"1074,14",09/05/2025 09:54:20,JLR6692,Desconhecido,White,Black,0,ASCON GENIPABU,ANPR,
280,1,"984,94",09/05/2025 09:57:59,JSD9976,Desconhecido,White,Silver,0,ASCON GENIPABU,ANPR,
281,1,"973,95",09/05/2025 10:01:13,NSL860,Desconhecido,White,Black,0,ASCON GENIPABU,ANPR,
282,1,"1040,17",09/05/2025 10:04:53,NTE5857,Desconhecido,White,Black,0,ASCON GENIPABU,ANPR,
283,1,"1052,06",09/05/2025 10:05:21,PJI7E40,Desconhecido,White,Black,0,ASCON GENIPABU,ANPR,
284,1,"943,11",09/05/2025 10:06:51,RDF4C24,Desconhecido,White,Black,0,ASCON GENIPABU,ANPR,
285,1,"930,85",09/05/2025 10:06:54,OUX3I79,Desconhecido,White,Silver,0,ASCON GENIPABU,ANPR,
286,1,"824,34",09/05/2025 10:07:07,JNZ875,Desconhecido,Desconhecido,Black,0,ASCON GENIPABU,ANPR,
287,1,"1006,14",09/05/2025 10:07:13,SJJ1F31,Desconhecido,White,White,0,ASCON GENIPABU,ANPR,
288,1,"1058,28",09/05/2025 10:08:52,,Desconhecido,Desconhecido,Black,0,ASCON GENIPABU,ANPR,
289,1,"996,78",09/05/2025 10:10:53,KHH3524,Desconhecido,Desconhecido,Black,0,ASCON GENIPABU,ANPR,
290,1,"997,99",09/05/2025 10:11:56,PLE1217,Desconhecido,White,Silver,0,ASCON GENIPABU,ANPR,
291,1,"983,92",09/05/2025 10:12:39,ARY2089,Desconhecido,White,Blue,0,ASCON GENIPABU,ANPR,
292,1,"1037,73",09/05/2025 10:14:17,RCR0H42,Desconhecido,White,Silver,0,ASCON GENIPABU,ANPR,
293,1,"1088,45",09/05/2025 10:14:49,DUO4023,Desconhecido,White,Black,0,ASCON GENIPABU,ANPR,
294,1,"941,25",09/05/2025 10:16:27,TCS0I64,Desconhecido,White,White,0,ASCON GENIPABU,ANPR,
295,1,"978,08",09/05/2025 10:16:53,PKV1063,Desconhecido,White,White,0,ASCON GENIPABU,ANPR,
296,1,"1026,2",09/05/2025 10:20:53,VZM6852,Desconhecido,White,Black,0,ASCON GENIPABU,ANPR,
297,1,"978,22",09/05/2025 10:21:25,JQU4A63,Desconhecido,White,Black,0,ASCON GENIPABU,ANPR,
298,1,"999,92",09/05/2025 10:21:44,PKQ7240,Desconhecido,White,Silver,0,ASCON GENIPABU,ANPR,
299,1,"1017,31",09/05/2025 10:22:39,OKZ3325,Desconhecido,White,Blue,0,ASCON GENIPABU,ANPR,
300,1,"1082,73",09/05/2025 10:22:51,NYJ4H53,Desconhecido,White,Black,0,ASCON GENIPABU,ANPR,
301,1,"1004,68",09/05/2025 10:23:07,CHP5020,Desconhecido,Desconhecido,White,0,ASCON GENIPABU,ANPR,
302,1,"1074,54",09/05/2025 10:23:28,SJP0E68,Desconhecido,White,Black,0,ASCON GENIPABU,ANPR,
303,1,"982,55",09/05/2025 10:24:23,PKO5314,Desconhecido,White,White,0,ASCON GENIPABU,ANPR,
304,1,"997,73",09/05/2025 10:25:20,,Desconhecido,Desconhecido,Black,0,ASCON GENIPABU,ANPR,
305,1,"1063,2",09/05/2025 10:25:42,RPH9J93,Desconhecido,White,Black,0,ASCON GENIPABU,ANPR,
306,1,"1011,93",09/05/2025 10:26:34,,Desconhecido,Desconhecido,Black,0,ASCON GENIPABU,ANPR,
307,1,"1006,49",09/05/2025 10:26:41,PLO4J41,Desconhecido,White,Black,0,ASCON GENIPABU,ANPR,
308,1,"996,99",09/05/2025 10:30:13,QTY3G27,Desconhecido,White,Brown,0,ASCON GENIPABU,ANPR,
309,1,"1089,49",09/05/2025 10:32:19,PKU3201,Desconhecido,White,Black,0,ASCON GENIPABU,ANPR,
310,1,"1008,31",09/05/2025 10:34:46,NZK2911,Desconhecido,White,Blue,0,ASCON GENIPABU,ANPR,
311,1,"990,51",09/05/2025 10:35:41,FRE2107,Desconhecido,White,Blue,0,ASCON GENIPABU,ANPR,
312,1,"1084,65",09/05/2025 10:35:50,IIJ3372,Desconhecido,Black,Black,0,ASCON GENIPABU,ANPR,
313,1,"995,16",09/05/2025 10:39:42,PKQ7690,Desconhecido,White,Gray,0,ASCON GENIPABU,ANPR,
314,1,"1040,27",09/05/2025 10:45:51,NZF5913,Desconhecido,White,Black,0,ASCON GENIPABU,ANPR,
315,1,"1052,48",09/05/2025 10:46:18,,Desconhecido,Desconhecido,Black,0,ASCON GENIPABU,ANPR,
316,1,"942,5",09/05/2025 10:50:40,OUI4A39,Desconhecido,White,White,0,ASCON GENIPABU,ANPR,
317,1,"1090,37",09/05/2025 10:52:25,JRL7G86,Desconhecido,White,Black,0,ASCON GENIPABU,ANPR,
318,1,"991,04",09/05/2025 10:53:21,,Desconhecido,Desconhecido,Silver,0,ASCON GENIPABU,ANPR,
319,1,"1001,53",09/05/2025 10:55:51,OZH1J90,Desconhecido,White,White,0,ASCON GENIPABU,ANPR,
320,1,"985,73",09/05/2025 10:56:44,RPB1B15,Desconhecido,White,Gray,0,ASCON GENIPABU,ANPR,
321,1,"995,58",09/05/2025 10:57:03,PJP0338,Desconhecido,White,Silver,0,ASCON GENIPABU,ANPR,
322,1,"980,88",09/05/2025 10:58:45,PLC8647,Desconhecido,White,White,0,ASCON GENIPABU,ANPR,
323,1,"986,99",09/05/2025 11:04:55,JRW6887,Desconhecido,White,Black,0,ASCON GENIPABU,ANPR,
324,1,"1013,51",09/05/2025 11:05:10,NZO8I10,Desconhecido,White,Black,0,ASCON GENIPABU,ANPR,
325,1,"987,73",09/05/2025 11:05:32,RVD7B47,Desconhecido,White,Silver,0,ASCON GENIPABU,ANPR,
326,1,"1008,33",09/05/2025 11:05:44,NZM1748,Desconhecido,White,Red,0,ASCON GENIPABU,ANPR,
327,1,"918,34",09/05/2025 11:15:34,SKN3D75,Desconhecido,White,Red,0,ASCON GENIPABU,ANPR,
328,1,"949,33",09/05/2025 11:15:52,PLU4J84,Desconhecido,White,Gray,0,ASCON GENIPABU,ANPR,
329,1,"1022,37",09/05/2025 11:16:02,,Desconhecido,Desconhecido,Black,0,ASCON GENIPABU,ANPR,
330,1,"939,57",09/05/2025 11:18:55,SJS3F92,Desconhecido,White,Black,0,ASCON GENIPABU,ANPR,
331,1,"921,13",09/05/2025 11:19:49,TDD3E14,Desconhecido,White,White,0,ASCON GENIPABU,ANPR,
332,1,"976,92",09/05/2025 11:19:54,OMU7H61,Desconhecido,White,White,0,ASCON GENIPABU,ANPR,
333,1,"948,75",09/05/2025 11:23:39,JQZ7175,Desconhecido,White,White,0,ASCON GENIPABU,ANPR,
334,1,"953,25",09/05/2025 11:24:22,JRS3926,Desconhecido,White,Silver,0,ASCON GENIPABU,ANPR,
335,1,"951,79",09/05/2025 11:25:41,POZ5D13,Desconhecido,White,Black,0,ASCON GENIPABU,ANPR,
336,1,"997,21",09/05/2025 11:26:31,SKJ7E59,Desconhecido,White,Black,0,ASCON GENIPABU,ANPR,
337,1,"940,27",09/05/2025 11:27:36,PLT7A48,Desconhecido,White,White,0,ASCON GENIPABU,ANPR,
338,1,"978,72",09/05/2025 11:28:05,SJX5C40,Desconhecido,White,Gray,0,ASCON GENIPABU,ANPR,
339,1,"822,4",09/05/2025 11:31:10,,Desconhecido,Desconhecido,Black,0,ASCON GENIPABU,ANPR,
340,1,"884,36",09/05/2025 11:33:36,PKY3458,Desconhecido,White,Silver,0,ASCON GENIPABU,ANPR,
341,1,"910,94",09/05/2025 11:33:52,SJS5I66,Desconhecido,White,Silver,0,ASCON GENIPABU,ANPR,
342,1,"850,37",09/05/2025 11:34:24,JNZ8759,Desconhecido,Desconhecido,Blue,0,ASCON GENIPABU,ANPR,
343,1,"1001,91",09/05/2025 11:34:30,SKF2I88,Desconhecido,White,Black,0,ASCON GENIPABU,ANPR,
344,1,"977,19",09/05/2025 11:36:35,SJP3H01,Desconhecido,White,Gray,0,ASCON GENIPABU,ANPR,
345,1,"929,5",09/05/2025 11:37:29,SJR0I47,Desconhecido,White,Black,0,ASCON GENIPABU,ANPR,
346,1,"1055,44",09/05/2025 11:39:01,PJM3I81,Desconhecido,White,Gray,0,ASCON GENIPABU,ANPR,
347,1,"1048,84",09/05/2025 11:39:11,JPB7D24,Desconhecido,White,Black,0,ASCON GENIPABU,ANPR,
348,1,"1024,06",09/05/2025 11:39:37,SSM4A54,Desconhecido,White,Blue,0,ASCON GENIPABU,ANPR,
349,1,"1091,56",09/05/2025 11:40:36,RCX8E11,Desconhecido,White,White,0,ASCON GENIPABU,ANPR,
350,1,"1154,3",09/05/2025 11:41:43,OKO8H31,Desconhecido,White,Silver,0,ASCON GENIPABU,ANPR,
351,1,"1116,75",09/05/2025 11:42:47,MUX6B96,Desconhecido,White,Yellow,0,ASCON GENIPABU,ANPR,
352,1,"1030,64",09/05/2025 11:44:48,PKH3H19,Desconhecido,Desconhecido,Red,0,ASCON GENIPABU,ANPR,
353,1,"1121,75",09/05/2025 11:45:05,SIU4I69,Desconhecido,White,Red,0,ASCON GENIPABU,ANPR,
354,1,"1052,31",09/05/2025 11:45:13,NTI0G87,Desconhecido,White,White,0,ASCON GENIPABU,ANPR,
355,1,"1031,68",09/05/2025 11:46:28,PLF1A84,Desconhecido,White,White,0,ASCON GENIPABU,ANPR,
356,1,"1011,53",09/05/2025 11:47:42,RIS5I76,Desconhecido,White,Black,0,ASCON GENIPABU,ANPR,
357,1,"1017,43",09/05/2025 11:49:42,,Desconhecido,Desconhecido,Black,0,ASCON GENIPABU,ANPR,
358,1,"984,94",09/05/2025 11:49:58,SKB6H36,Desconhecido,White,Blue,0,ASCON GENIPABU,ANPR,
359,1,"992,3",09/05/2025 11:50:08,PJE7E16,Desconhecido,White,Black,0,ASCON GENIPABU,ANPR,
360,1,"1071,88",09/05/2025 11:50:16,RDB4D19,Desconhecido,White,Black,0,ASCON GENIPABU,ANPR,
361,1,"955,12",09/05/2025 11:51:21,ARY2089,Desconhecido,White,Black,0,ASCON GENIPABU,ANPR,
362,1,"952,32",09/05/2025 11:51:49,QSK9C23,Desconhecido,White,Yellow,0,ASCON GENIPABU,ANPR,
363,1,"943,56",09/05/2025 11:53:33,JQN9356,Desconhecido,White,Black,0,ASCON GENIPABU,ANPR,
364,1,"972,42",09/05/2025 11:53:52,OLD8323,Desconhecido,White,Gray,0,ASCON GENIPABU,ANPR,
365,1,"941,36",09/05/2025 11:54:41,NWE6E99,Desconhecido,White,Silver,0,ASCON GENIPABU,ANPR,
366,1,"973,58",09/05/2025 11:56:21,NYT5095,Desconhecido,White,Black,0,ASCON GENIPABU,ANPR,
367,1,"1059,61",09/05/2025 11:59:32,OVD2203,Desconhecido,White,Black,0,ASCON GENIPABU,ANPR,
368,1,"860,98",09/05/2025 12:00:18,SKS3E03,Desconhecido,White,White,0,ASCON GENIPABU,ANPR,
369,1,"963,79",09/05/2025 12:01:50,PJT2458,Desconhecido,White,White,0,ASCON GENIPABU,ANPR,
370,1,"940,59",09/05/2025 12:02:08,PLK4G27,Desconhecido,White,White,0,ASCON GENIPABU,ANPR,
371,1,"954,74",09/05/2025 12:02:40,SHO4I66,Desconhecido,White,Other,0,ASCON GENIPABU,ANPR,
372,1,"995,55",09/05/2025 12:04:24,JRX2204,Desconhecido,White,Black,0,ASCON GENIPABU,ANPR,
373,1,"984,9",09/05/2025 12:05:49,PJY2F77,Desconhecido,White,Black,0,ASCON GENIPABU,ANPR,
374,1,"900,64",09/05/2025 12:06:05,ARY2089,Desconhecido,White,Black,0,ASCON GENIPABU,ANPR,
375,1,"965,42",09/05/2025 12:08:32,JRF8478,Desconhecido,White,Black,0,ASCON GENIPABU,ANPR,
376,1,"946,39",09/05/2025 12:08:43,HIV4E25,Desconhecido,White,Black,0,ASCON GENIPABU,ANPR,
377,1,"926,47",09/05/2025 12:11:11,SKA0I21,Desconhecido,White,White,0,ASCON GENIPABU,ANPR,
378,1,"938,77",09/05/2025 12:11:35,QPH0B65,Desconhecido,White,Silver,0,ASCON GENIPABU,ANPR,
379,1,"968,51",09/05/2025 12:13:17,RPS1J00,Desconhecido,White,Black,0,ASCON GENIPABU,ANPR,
380,1,"979,11",09/05/2025 12:17:25,,Desconhecido,Desconhecido,Gray,0,ASCON GENIPABU,ANPR,
381,1,"1014,04",09/05/2025 12:18:17,KKH0959,Desconhecido,White,Blue,0,ASCON GENIPABU,ANPR,
382,1,"949,43",09/05/2025 12:18:25,OUK8137,Desconhecido,White,White,0,ASCON GENIPABU,ANPR,
383,1,"967,69",09/05/2025 12:18:49,DEY4885,Desconhecido,White,Gray,0,ASCON GENIPABU,ANPR,
384,1,"951,04",09/05/2025 12:24:51,NTU4A91,Desconhecido,White,Blue,0,ASCON GENIPABU,ANPR,
385,1,"978,28",09/05/2025 12:25:54,SKN1C60,Desconhecido,White,Black,0,ASCON GENIPABU,ANPR,
386,1,"926,12",09/05/2025 12:26:34,PLD6461,Desconhecido,White,White,0,ASCON GENIPABU,ANPR,
387,1,"1056,62",09/05/2025 12:26:50,PKU3201,Desconhecido,White,Black,0,ASCON GENIPABU,ANPR,
388,1,"944,91",09/05/2025 12:29:55,NZY2650,Desconhecido,White,Silver,0,ASCON GENIPABU,ANPR,
389,1,"951,28",09/05/2025 12:30:00,RPT0D22,Desconhecido,White,Black,0,ASCON GENIPABU,ANPR,
390,1,"942,6",09/05/2025 12:30:28,PLS9E00,Desconhecido,White,Blue,0,ASCON GENIPABU,ANPR,
391,1,"914,61",09/05/2025 12:36:59,RDP5E60,Desconhecido,White,White,0,ASCON GENIPABU,ANPR,
392,1,"851,55",09/05/2025 12:42:33,PKC7E26,Desconhecido,White,Silver,0,ASCON GENIPABU,ANPR,
393,1,"975,19",09/05/2025 12:43:11,RPD7A77,Desconhecido,White,Blue,0,ASCON GENIPABU,ANPR,
394,1,"957,45",09/05/2025 12:45:39,PLK7839,Desconhecido,White,Silver,0,ASCON GENIPABU,ANPR,
395,1,"989,93",09/05/2025 12:48:14,SKA0J77,Desconhecido,White,Blue,0,ASCON GENIPABU,ANPR,
396,1,"987,06",09/05/2025 12:49:39,LNF6I22,Desconhecido,White,Red,0,ASCON GENIPABU,ANPR,
397,1,"987,12",09/05/2025 12:50:17,PKY8J45,Desconhecido,White,Silver,0,ASCON GENIPABU,ANPR,
398,1,"973,55",09/05/2025 12:54:03,RDQ3E95,Desconhecido,White,White,0,ASCON GENIPABU,ANPR,
399,1,"1102,8",09/05/2025 12:54:29,,Desconhecido,Desconhecido,Black,0,ASCON GENIPABU,ANPR,
400,1,"927,24",09/05/2025 12:57:47,FLK0H10,Desconhecido,White,White,0,ASCON GENIPABU,ANPR,
401,1,"969,96",09/05/2025 12:58:49,,Desconhecido,Desconhecido,Black,0,ASCON GENIPABU,ANPR,
402,1,"966,15",09/05/2025 12:58:59,PKT7H47,Desconhecido,White,Red,0,ASCON GENIPABU,ANPR,
403,1,"1016,41",09/05/2025 13:03:01,NZO4G19,Desconhecido,White,Black,0,ASCON GENIPABU,ANPR,
404,1,"993,72",09/05/2025 13:04:31,PCW3D73,Desconhecido,White,Silver,0,ASCON GENIPABU,ANPR,
405,1,"1005,28",09/05/2025 13:06:30,PKK7B21,Desconhecido,White,Red,0,ASCON GENIPABU,ANPR,
406,1,"1042,44",09/05/2025 13:08:14,,Desconhecido,Desconhecido,Black,0,ASCON GENIPABU,ANPR,
407,1,"1039,39",09/05/2025 13:09:31,,Desconhecido,Desconhecido,Black,0,ASCON GENIPABU,ANPR,
408,1,1107,09/05/2025 13:11:58,JSS0D37,Desconhecido,White,Black,0,ASCON GENIPABU,ANPR,
409,1,"1015,37",09/05/2025 13:12:01,,Desconhecido,Desconhecido,Blue,0,ASCON GENIPABU,ANPR,
410,1,"985,63",09/05/2025 13:13:11,NTU4A91,Desconhecido,White,Blue,0,ASCON GENIPABU,ANPR,
411,1,"995,01",09/05/2025 13:13:57,DCZ5A32,Desconhecido,White,Silver,0,ASCON GENIPABU,ANPR,
412,1,"1059,7",09/05/2025 13:15:45,JQL8338,Desconhecido,White,Black,0,ASCON GENIPABU,ANPR,
413,1,"978,85",09/05/2025 13:18:26,PVU0B58,Desconhecido,White,Silver,0,ASCON GENIPABU,ANPR,
414,1,"982,56",09/05/2025 13:23:05,,Desconhecido,Desconhecido,White,0,ASCON GENIPABU,ANPR,
415,1,"995,9",09/05/2025 13:23:20,DBB6B67,Desconhecido,White,Black,0,ASCON GENIPABU,ANPR,
416,1,"987,24",09/05/2025 13:24:20,QFS8J63,Desconhecido,White,Green,0,ASCON GENIPABU,ANPR,
417,1,"955,7",09/05/2025 13:24:31,RPU5H11,Desconhecido,White,White,0,ASCON GENIPABU,ANPR,
418,1,"1034,74",09/05/2025 13:25:13,PJM1656,Desconhecido,White,Black,0,ASCON GENIPABU,ANPR,
419,1,"1026,52",09/05/2025 13:26:13,,Desconhecido,Desconhecido,Black,0,ASCON GENIPABU,ANPR,
420,1,"953,8",09/05/2025 13:32:47,NZV3630,Desconhecido,White,White,0,ASCON GENIPABU,ANPR,
421,1,"894,94",09/05/2025 13:36:35,OSM1J25,Desconhecido,White,Red,0,ASCON GENIPABU,ANPR,
422,1,"1017,55",09/05/2025 13:41:21,RCX1I88,Desconhecido,White,Black,0,ASCON GENIPABU,ANPR,
423,1,"961,27",09/05/2025 13:43:09,SJW5E09,Desconhecido,White,Silver,0,ASCON GENIPABU,ANPR,
424,1,"989,41",09/05/2025 13:43:33,SWL9F33,Desconhecido,White,Gray,0,ASCON GENIPABU,ANPR,
425,1,"1017,53",09/05/2025 13:46:36,NZP7211,Desconhecido,White,Black,0,ASCON GENIPABU,ANPR,
426,1,"949,34",09/05/2025 13:58:58,TIQ7G66,Desconhecido,White,White,0,ASCON GENIPABU,ANPR,
427,1,"854,59",09/05/2025 14:01:30,,Desconhecido,Desconhecido,White,0,ASCON GENIPABU,ANPR,
428,1,"895,26",09/05/2025 14:01:30,OO1U01,Desconhecido,White,White,0,ASCON GENIPABU,ANPR,
429,1,"1066,67",09/05/2025 14:04:20,RPJ659,Desconhecido,White,Silver,0,ASCON GENIPABU,ANPR,
430,1,"1048,26",09/05/2025 14:05:12,GFU3J34,Desconhecido,White,White,0,ASCON GENIPABU,ANPR,
431,1,"1006,78",09/05/2025 14:08:15,FOA4I22,Desconhecido,White,White,0,ASCON GENIPABU,ANPR,
432,1,"958,3",09/05/2025 14:08:17,TJI8D49,Desconhecido,White,White,0,ASCON GENIPABU,ANPR,
433,1,"998,62",09/05/2025 14:09:32,PKZ4117,Desconhecido,White,White,0,ASCON GENIPABU,ANPR,
434,1,"1054,47",09/05/2025 14:10:34,RPP9E18,Desconhecido,White,Black,0,ASCON GENIPABU,ANPR,
435,1,"1058,63",09/05/2025 14:10:47,RDC8I59,Desconhecido,White,Black,0,ASCON GENIPABU,ANPR,
436,1,"1047,3",09/05/2025 14:13:44,JRG3016,Desconhecido,White,Black,0,ASCON GENIPABU,ANPR,
437,1,"999,54",09/05/2025 14:14:12,RDK7H77,Desconhecido,White,Black,0,ASCON GENIPABU,ANPR,
438,1,"987,42",09/05/2025 14:14:54,OZE8157,Desconhecido,White,White,0,ASCON GENIPABU,ANPR,
439,1,"1015,05",09/05/2025 14:16:01,EAX7B71,Desconhecido,White,Red,0,ASCON GENIPABU,ANPR,
440,1,"1098,5",09/05/2025 14:18:05,RPK1B41,Desconhecido,White,Black,0,ASCON GENIPABU,ANPR,
441,1,1001,09/05/2025 14:18:57,OVA7G90,Desconhecido,White,White,0,ASCON GENIPABU,ANPR,
442,1,"967,79",09/05/2025 14:19:17,OZF7J73,Desconhecido,White,White,0,ASCON GENIPABU,ANPR,
443,1,"1033,85",09/05/2025 14:19:44,RPT9H86,Desconhecido,White,Black,0,ASCON GENIPABU,ANPR,
444,1,"1005,21",09/05/2025 14:20:54,OUS1270,Desconhecido,White,Silver,0,ASCON GENIPABU,ANPR,
445,1,"1006,97",09/05/2025 14:22:31,SWS3J69,Desconhecido,White,White,0,ASCON GENIPABU,ANPR,
446,1,"976,95",09/05/2025 14:25:37,OUQ7598,Desconhecido,White,Black,0,ASCON GENIPABU,ANPR,
447,1,"991,4",09/05/2025 14:27:18,RCU7G09,Desconhecido,White,Gray,0,ASCON GENIPABU,ANPR,
448,1,"956,02",09/05/2025 14:27:58,QUJ9D43,Desconhecido,White,White,0,ASCON GENIPABU,ANPR,
449,1,"975,79",09/05/2025 14:30:57,PBL9152,Desconhecido,White,Silver,0,ASCON GENIPABU,ANPR,
450,1,"1027,09",09/05/2025 14:31:09,,Desconhecido,Desconhecido,Black,0,ASCON GENIPABU,ANPR,
451,1,"1048,07",09/05/2025 14:31:12,,Desconhecido,Desconhecido,Black,0,ASCON GENIPABU,ANPR,
452,1,"1066,67",09/05/2025 14:33:04,NZO4619,Desconhecido,White,Black,0,ASCON GENIPABU,ANPR,
453,1,"1003,14",09/05/2025 14:33:13,SKQ7132,Desconhecido,White,Black,0,ASCON GENIPABU,ANPR,
454,1,"982,26",09/05/2025 14:33:29,TDG7I97,Desconhecido,White,Gray,0,ASCON GENIPABU,ANPR,
455,1,"962,55",09/05/2025 14:34:28,TGR1G89,Desconhecido,White,Blue,0,ASCON GENIPABU,ANPR,
456,1,"958,47",09/05/2025 14:35:14,,Desconhecido,Desconhecido,Gray,0,ASCON GENIPABU,ANPR,
457,1,"927,03",09/05/2025 14:36:20,PLG6382,Desconhecido,Desconhecido,White,0,ASCON GENIPABU,ANPR,
458,1,"1016,19",09/05/2025 14:36:54,SJT4C59,Desconhecido,White,Black,0,ASCON GENIPABU,ANPR,
459,1,"958,27",09/05/2025 14:40:15,RCV4J61,Desconhecido,White,White,0,ASCON GENIPABU,ANPR,
460,1,"1039,95",09/05/2025 14:41:43,JSN9753,Desconhecido,White,Black,0,ASCON GENIPABU,ANPR,
461,1,"1014,5",09/05/2025 14:48:42,,Desconhecido,Desconhecido,Black,0,ASCON GENIPABU,ANPR,
462,1,"960,43",09/05/2025 14:48:52,PKM2190,Desconhecido,White,White,0,ASCON GENIPABU,ANPR,
463,1,"957,43",09/05/2025 14:49:19,RPA9C60,Desconhecido,White,Silver,0,ASCON GENIPABU,ANPR,
464,1,935,09/05/2025 14:49:21,OVA4C12,Desconhecido,White,White,0,ASCON GENIPABU,ANPR,
465,1,"973,18",09/05/2025 14:49:51,NTS3J48,Desconhecido,White,Silver,0,ASCON GENIPABU,ANPR,
466,1,"941,76",09/05/2025 14:52:47,SJX8D88,Desconhecido,White,Silver,0,ASCON GENIPABU,ANPR,
467,1,"1029,13",09/05/2025 14:53:18,RPR9H36,Desconhecido,White,Black,0,ASCON GENIPABU,ANPR,
468,1,"989,25",09/05/2025 14:53:45,PKE8446,Desconhecido,White,Red,0,ASCON GENIPABU,ANPR,
469,1,"992,12",09/05/2025 14:55:18,SJF9A44,Desconhecido,White,White,0,ASCON GENIPABU,ANPR,
470,1,"1012,94",09/05/2025 14:55:53,FBZ008,Desconhecido,White,Blue,0,ASCON GENIPABU,ANPR,
471,1,1016,09/05/2025 15:01:16,PLM1J63,Desconhecido,White,Silver,0,ASCON GENIPABU,ANPR,
472,1,"1054,24",09/05/2025 15:01:20,SKN1C60,Desconhecido,White,Black,0,ASCON GENIPABU,ANPR,
473,1,"1010,61",09/05/2025 15:03:33,SKA0I21,Desconhecido,White,White,0,ASCON GENIPABU,ANPR,
474,1,"984,81",09/05/2025 15:07:17,TDD3E12,Desconhecido,White,White,0,ASCON GENIPABU,ANPR,
475,1,"1015,21",09/05/2025 15:08:00,PKF3707,Desconhecido,White,White,0,ASCON GENIPABU,ANPR,
476,1,"1080,84",09/05/2025 15:10:39,RCT0H09,Desconhecido,White,Black,0,ASCON GENIPABU,ANPR,
477,1,"992,2",09/05/2025 15:12:27,OKN8G39,Desconhecido,Desconhecido,White,0,ASCON GENIPABU,ANPR,
478,1,"1017,76",09/05/2025 15:15:07,RPY3C08,Desconhecido,White,Blue,0,ASCON GENIPABU,ANPR,
479,1,"1016,17",09/05/2025 15:20:23,SJX2C31,Desconhecido,White,Blue,0,ASCON GENIPABU,ANPR,
480,1,"1009,06",09/05/2025 15:20:25,,Desconhecido,Desconhecido,Gray,0,ASCON GENIPABU,ANPR,
481,1,"977,81",09/05/2025 15:20:30,OUI4A39,Desconhecido,White,White,0,ASCON GENIPABU,ANPR,
482,1,"989,94",09/05/2025 15:23:13,RPU4H38,Desconhecido,White,Black,0,ASCON GENIPABU,ANPR,
483,1,"1045,39",09/05/2025 15:23:26,SJQ9D29,Desconhecido,White,Black,0,ASCON GENIPABU,ANPR,
484,1,"1054,09",09/05/2025 15:23:27,JSY234,Desconhecido,White,Black,0,ASCON GENIPABU,ANPR,
485,1,"1093,89",09/05/2025 15:23:31,NTI4335,Desconhecido,White,Black,0,ASCON GENIPABU,ANPR,
486,1,"989,05",09/05/2025 15:24:18,PJZ037,Desconhecido,White,Silver,0,ASCON GENIPABU,ANPR,
487,1,"958,86",09/05/2025 15:26:52,OZP9F91,Desconhecido,White,White,0,ASCON GENIPABU,ANPR,
488,1,"994,12",09/05/2025 15:27:29,PKY8J45,Desconhecido,White,White,0,ASCON GENIPABU,ANPR,
489,1,"997,71",09/05/2025 15:32:12,NZO2F98,Desconhecido,White,White,0,ASCON GENIPABU,ANPR,
490,1,"984,01",09/05/2025 15:33:35,TCV6H47,Desconhecido,White,White,0,ASCON GENIPABU,ANPR,
491,1,"943,91",09/05/2025 15:34:24,OVD5E53,Desconhecido,White,White,0,ASCON GENIPABU,ANPR,
492,1,"1103,41",09/05/2025 15:34:31,NZB7908,Desconhecido,White,Black,0,ASCON GENIPABU,ANPR,
493,1,"1070,03",09/05/2025 15:40:52,,Desconhecido,Desconhecido,Black,0,ASCON GENIPABU,ANPR,
494,1,"1094,91",09/05/2025 15:41:35,SKI9643,Desconhecido,White,Black,0,ASCON GENIPABU,ANPR,
495,1,"1004,83",09/05/2025 15:41:43,POZ5D13,Desconhecido,White,Black,0,ASCON GENIPABU,ANPR,
496,1,"928,75",09/05/2025 15:41:56,TDD3E14,Desconhecido,White,White,0,ASCON GENIPABU,ANPR,
497,1,"1088,82",09/05/2025 15:42:25,,Desconhecido,Desconhecido,Black,0,ASCON GENIPABU,ANPR,
498,1,"1012,5",09/05/2025 15:45:02,MYR206,Desconhecido,White,Black,0,ASCON GENIPABU,ANPR,
499,1,"1007,48",09/05/2025 15:45:08,,Desconhecido,Desconhecido,Blue,0,ASCON GENIPABU,ANPR,
500,1,"998,74",09/05/2025 15:46:51,NZK2911,Desconhecido,White,Blue,0,ASCON GENIPABU,ANPR,
501,1,"952,43",09/05/2025 15:47:16,PBK9A96,Desconhecido,White,Blue,0,ASCON GENIPABU,ANPR,
502,1,"928,52",09/05/2025 15:47:21,QXH7C80,Desconhecido,White,Silver,0,ASCON GENIPABU,ANPR,
503,1,"1030,69",09/05/2025 15:52:59,JQQ5791,Desconhecido,White,Black,0,ASCON GENIPABU,ANPR,
504,1,"982,31",09/05/2025 15:53:11,,Desconhecido,Desconhecido,Silver,0,ASCON GENIPABU,ANPR,
505,1,"1025,49",09/05/2025 15:54:49,NZR1I96,Desconhecido,White,Black,0,ASCON GENIPABU,ANPR,
506,1,"981,06",09/05/2025 15:55:08,ARY2089,Desconhecido,White,Blue,0,ASCON GENIPABU,ANPR,
507,1,"941,94",09/05/2025 15:55:25,PGW3I80,Desconhecido,White,Silver,0,ASCON GENIPABU,ANPR,
508,1,"966,89",09/05/2025 15:55:27,ISH2D23,Desconhecido,White,White,0,ASCON GENIPABU,ANPR,
509,1,"987,59",09/05/2025 15:55:42,DEY4885,Desconhecido,White,Blue,0,ASCON GENIPABU,ANPR,
510,1,"940,24",09/05/2025 15:55:45,SKF2I88,Desconhecido,White,White,0,ASCON GENIPABU,ANPR,
511,1,"1060,11",09/05/2025 15:56:22,SJV9B16,Desconhecido,White,Black,0,ASCON GENIPABU,ANPR,
512,1,"1001,13",09/05/2025 15:58:20,,Desconhecido,Desconhecido,Black,0,ASCON GENIPABU,ANPR,
513,1,"967,11",09/05/2025 16:00:16,PLY2H92,Desconhecido,White,Red,0,ASCON GENIPABU,ANPR,
514,1,"1056,18",09/05/2025 16:00:46,SJR0E70,Desconhecido,White,Black,0,ASCON GENIPABU,ANPR,
515,1,"939,75",09/05/2025 16:02:23,SKM1D05,Desconhecido,White,Silver,0,ASCON GENIPABU,ANPR,
516,1,"969,13",09/05/2025 16:02:43,,Desconhecido,Desconhecido,Black,0,ASCON GENIPABU,ANPR,
517,1,"1035,66",09/05/2025 16:04:36,NZX9166,Desconhecido,White,Black,0,ASCON GENIPABU,ANPR,
518,1,"915,87",09/05/2025 16:06:10,PKO5314,Desconhecido,White,White,0,ASCON GENIPABU,ANPR,
519,1,"919,76",09/05/2025 16:06:34,LMB6A88,Desconhecido,White,White,0,ASCON GENIPABU,ANPR,
520,1,"1094,79",09/05/2025 16:06:39,RPJ0J35,Desconhecido,White,Black,0,ASCON GENIPABU,ANPR,
521,1,"936,31",09/05/2025 16:07:36,JOU7I03,Desconhecido,White,Blue,0,ASCON GENIPABU,ANPR,
522,1,"1093,67",09/05/2025 16:07:51,,Desconhecido,Desconhecido,Black,0,ASCON GENIPABU,ANPR,
523,1,"929,71",09/05/2025 16:08:05,PLR4B46,Desconhecido,White,White,0,ASCON GENIPABU,ANPR,
524,1,"974,86",09/05/2025 16:10:04,RDF6E55,Desconhecido,White,White,0,ASCON GENIPABU,ANPR,
525,1,"1033,97",09/05/2025 16:10:11,JQN9356,Desconhecido,White,Blue,0,ASCON GENIPABU,ANPR,
526,1,"1016,01",09/05/2025 16:10:30,JPR8E22,Desconhecido,White,Blue,0,ASCON GENIPABU,ANPR,
527,1,"943,87",09/05/2025 16:10:54,RPT8B35,Desconhecido,White,Silver,0,ASCON GENIPABU,ANPR,
528,1,"995,66",09/05/2025 16:11:32,JQR0F82,Desconhecido,White,Gray,0,ASCON GENIPABU,ANPR,
529,1,"1040,28",09/05/2025 16:12:05,,Desconhecido,Desconhecido,Black,0,ASCON GENIPABU,ANPR,
530,1,"1090,13",09/05/2025 16:12:13,NTD8043,Desconhecido,White,Black,0,ASCON GENIPABU,ANPR,
531,1,"1002,46",09/05/2025 16:12:38,HWM1344,Desconhecido,White,Black,0,ASCON GENIPABU,ANPR,
532,1,"924,76",09/05/2025 16:13:12,FXA3D36,Desconhecido,White,White,0,ASCON GENIPABU,ANPR,
533,1,"1005,94",09/05/2025 16:16:49,QTY2D42,Desconhecido,White,Blue,0,ASCON GENIPABU,ANPR,
534,1,"960,23",09/05/2025 16:18:23,PLF4373,Desconhecido,White,White,0,ASCON GENIPABU,ANPR,
535,1,"934,55",09/05/2025 16:19:26,JMT1I13,Desconhecido,White,White,0,ASCON GENIPABU,ANPR,
536,1,"984,44",09/05/2025 16:23:22,OCW7J27,Desconhecido,White,Gray,0,ASCON GENIPABU,ANPR,
537,1,"958,34",09/05/2025 16:23:28,PLK6442,Desconhecido,White,White,0,ASCON GENIPABU,ANPR,
538,1,"947,8",09/05/2025 16:23:33,QWH6H22,Desconhecido,White,Silver,0,ASCON GENIPABU,ANPR,
539,1,"1027,23",09/05/2025 16:24:57,,Desconhecido,Desconhecido,Black,0,ASCON GENIPABU,ANPR,
540,1,"1044,52",09/05/2025 16:25:00,,Desconhecido,Desconhecido,Black,0,ASCON GENIPABU,ANPR,
541,1,"927,68",09/05/2025 16:26:35,PLW5C99,Desconhecido,White,White,0,ASCON GENIPABU,ANPR,
542,1,"974,04",09/05/2025 16:27:10,TIO2G19,Desconhecido,White,Silver,0,ASCON GENIPABU,ANPR,
543,1,"954,51",09/05/2025 16:27:41,SIQ3G33,Desconhecido,White,White,0,ASCON GENIPABU,ANPR,
544,1,"1119,29",09/05/2025 16:31:02,,Desconhecido,Desconhecido,Black,0,ASCON GENIPABU,ANPR,
545,1,"1018,28",09/05/2025 16:31:20,RPQ4H74,Desconhecido,White,Black,0,ASCON GENIPABU,ANPR,
546,1,"1019,09",09/05/2025 16:37:26,,Desconhecido,Desconhecido,Blue,0,ASCON GENIPABU,ANPR,
547,1,"946,14",09/05/2025 16:38:24,API1964,Desconhecido,White,Silver,0,ASCON GENIPABU,ANPR,
548,1,"937,63",09/05/2025 16:39:14,OCW7J27,Desconhecido,White,Gray,0,ASCON GENIPABU,ANPR,
549,1,"879,71",09/05/2025 16:41:27,,Desconhecido,Desconhecido,Blue,0,ASCON GENIPABU,ANPR,
550,1,"924,02",09/05/2025 16:41:27,RVD7B47,Desconhecido,White,Silver,0,ASCON GENIPABU,ANPR,
551,1,"1008,54",09/05/2025 16:41:54,JOQ9I52,Desconhecido,White,Black,0,ASCON GENIPABU,ANPR,
552,1,"1015,91",09/05/2025 16:43:31,LNF6I22,Desconhecido,White,Red,0,ASCON GENIPABU,ANPR,
553,1,"944,01",09/05/2025 16:43:48,NYH3J98,Desconhecido,White,Red,0,ASCON GENIPABU,ANPR,
554,1,"970,62",09/05/2025 16:44:57,RDC9B24,Desconhecido,White,White,0,ASCON GENIPABU,ANPR,
555,1,"899,97",09/05/2025 16:47:21,,Desconhecido,Desconhecido,Black,0,ASCON GENIPABU,ANPR,
556,1,"934,25",09/05/2025 16:48:03,,Desconhecido,Desconhecido,Black,0,ASCON GENIPABU,ANPR,
557,1,"1029,1",09/05/2025 16:49:03,PKU3201,Desconhecido,White,Black,0,ASCON GENIPABU,ANPR,
558,1,"975,69",09/05/2025 16:51:23,,Desconhecido,Desconhecido,Brown,0,ASCON GENIPABU,ANPR,
559,1,"900,03",09/05/2025 16:52:29,RDP5B90,Desconhecido,White,Blue,0,ASCON GENIPABU,ANPR,
560,1,"1112,72",09/05/2025 16:57:09,SKI9G43,Desconhecido,Yellow,Black,0,ASCON GENIPABU,ANPR,
561,1,"997,45",09/05/2025 16:58:45,RDP5B90,Desconhecido,White,Blue,0,ASCON GENIPABU,ANPR,
562,1,"956,3",09/05/2025 17:02:46,RPI1H53,Desconhecido,White,Black,0,ASCON GENIPABU,ANPR,
563,1,"883,05",09/05/2025 17:04:49,,Desconhecido,Desconhecido,Red,0,ASCON GENIPABU,ANPR,
564,1,"910,14",09/05/2025 17:04:50,FYY8I91,Desconhecido,White,Silver,0,ASCON GENIPABU,ANPR,
565,1,"1033,5",09/05/2025 17:05:08,TCO8B93,Desconhecido,White,Blue,0,ASCON GENIPABU,ANPR,
566,1,"928,4",09/05/2025 17:07:00,PKK8A48,Desconhecido,White,White,0,ASCON GENIPABU,ANPR,
567,1,"937,03",09/05/2025 17:07:20,RCW3J44,Desconhecido,White,Silver,0,ASCON GENIPABU,ANPR,
568,1,"868,84",09/05/2025 17:10:36,SJN3J92,Desconhecido,White,Gray,0,ASCON GENIPABU,ANPR,
569,1,"906,68",09/05/2025 17:11:55,,Desconhecido,Desconhecido,Black,0,ASCON GENIPABU,ANPR,
570,1,"910,24",09/05/2025 17:13:05,IE3E53,Desconhecido,White,Red,0,ASCON GENIPABU,ANPR,
571,1,"998,37",09/05/2025 17:14:14,OKZ4E11,Desconhecido,White,Black,0,ASCON GENIPABU,ANPR,
572,1,"969,57",09/05/2025 17:14:59,PKK7B21,Desconhecido,White,Red,0,ASCON GENIPABU,ANPR,
573,1,"925,5",09/05/2025 17:16:32,SJS1I89,Desconhecido,White,White,0,ASCON GENIPABU,ANPR,
574,1,"966,01",09/05/2025 17:16:39,PQC9J94,Desconhecido,White,Gray,0,ASCON GENIPABU,ANPR,
575,1,"940,24",09/05/2025 17:17:09,OYU7382,Desconhecido,White,White,0,ASCON GENIPABU,ANPR,
576,1,"968,64",09/05/2025 17:17:23,KKH0959,Desconhecido,White,Black,0,ASCON GENIPABU,ANPR,
577,1,"760,62",09/05/2025 17:25:00,JQG8D21,Desconhecido,White,Black,0,ASCON GENIPABU,ANPR,
578,1,"665,12",09/05/2025 17:26:53,NTQ5985,Desconhecido,White,Silver,0,ASCON GENIPABU,ANPR,
579,1,"559,71",09/05/2025 17:29:35,JSS6F84,Desconhecido,White,Black,0,ASCON GENIPABU,ANPR,
580,1,"643,81",09/05/2025 17:30:57,RPT7C07,Desconhecido,White,Black,0,ASCON GENIPABU,ANPR,
581,1,"530,28",09/05/2025 17:36:28,,Desconhecido,Desconhecido,Black,0,ASCON GENIPABU,ANPR,
582,1,"574,18",09/05/2025 17:39:20,JQB3233,Desconhecido,White,Silver,0,ASCON GENIPABU,ANPR,
583,1,"597,04",09/05/2025 17:39:53,NJ4G19,Desconhecido,White,Black,0,ASCON GENIPABU,ANPR,
584,1,"502,6",09/05/2025 17:39:56,KU3201,Desconhecido,White,Black,0,ASCON GENIPABU,ANPR,
585,1,"508,17",09/05/2025 17:41:22,NZF5913,Desconhecido,Black,Black,0,ASCON GENIPABU,ANPR,
586,1,"631,3",09/05/2025 17:41:41,AYL8I10,Desconhecido,White,Gray,0,ASCON GENIPABU,ANPR,
587,1,"562,75",09/05/2025 17:42:40,OKS2J03,Desconhecido,White,White,0,ASCON GENIPABU,ANPR,
588,1,"424,07",09/05/2025 17:42:47,,Desconhecido,Desconhecido,Black,0,ASCON GENIPABU,ANPR,
589,1,"643,71",09/05/2025 17:48:23,PJL5I98,Desconhecido,White,Silver,0,ASCON GENIPABU,ANPR,
590,1,"510,56",09/05/2025 17:52:25,SKJ9B14,Desconhecido,White,Black,0,ASCON GENIPABU,ANPR,
591,1,"926,83",09/05/2025 17:53:27,JQV9E68,Desconhecido,White,Gray,0,ASCON GENIPABU,ANPR,
592,1,"841,23",09/05/2025 17:54:57,,Desconhecido,Desconhecido,Black,0,ASCON GENIPABU,ANPR,
593,1,"943,64",09/05/2025 18:04:08,RDP5B90,Desconhecido,White,Black,0,ASCON GENIPABU,ANPR,
594,1,"711,33",09/05/2025 18:20:14,RPU7F96,Desconhecido,White,Black,0,ASCON GENIPABU,ANPR,
595,1,"894,64",09/05/2025 18:20:51,SIQ3G33,Desconhecido,White,Black,0,ASCON GENIPABU,ANPR,
596,1,"703,93",09/05/2025 18:44:27,SKN3H88,Desconhecido,White,Black,0,ASCON GENIPABU,ANPR,
597,1,"783,43",09/05/2025 19:03:10,TCO8B93,Desconhecido,White,Black,0,ASCON GENIPABU,ANPR,
598,1,"644,7",09/05/2025 19:06:30,,Desconhecido,Desconhecido,Black,0,ASCON GENIPABU,ANPR,
599,1,"997,45",09/05/2025 19:07:26,,Desconhecido,Desconhecido,Black,0,ASCON GENIPABU,ANPR,
600,1,"954,39",09/05/2025 19:07:27,PKN1793,Desconhecido,White,White,0,ASCON GENIPABU,ANPR,
601,1,"738,99",09/05/2025 19:12:40,SJW4I03,Desconhecido,White,Black,0,ASCON GENIPABU,ANPR,
602,1,"601,33",09/05/2025 19:12:45,SJZ6E24,Desconhecido,White,Black,0,ASCON GENIPABU,ANPR,
603,1,"786,77",09/05/2025 19:14:37,PLD6461,Desconhecido,White,White,0,ASCON GENIPABU,ANPR,
604,1,"814,05",09/05/2025 19:17:06,RNG8C43,Desconhecido,White,Black,0,ASCON GENIPABU,ANPR,
605,1,"698,33",09/05/2025 19:41:23,PLM1J63,Desconhecido,White,Black,0,ASCON GENIPABU,ANPR,
606,1,"722,91",09/05/2025 19:42:28,JOG7G50,Desconhecido,White,Black,0,ASCON GENIPABU,ANPR,
607,1,"896,69",09/05/2025 19:50:14,SKT3G26,Desconhecido,White,Black,0,ASCON GENIPABU,ANPR,
608,1,"926,91",09/05/2025 19:54:35,NID2601,Desconhecido,White,White,0,ASCON GENIPABU,ANPR,
609,1,"721,86",09/05/2025 19:58:54,,Desconhecido,Desconhecido,Black,0,ASCON GENIPABU,ANPR,
610,1,"952,79",09/05/2025 20:25:19,QMN9H37,Desconhecido,White,Black,0,ASCON GENIPABU,ANPR,
611,1,"605,29",09/05/2025 20:32:28,FYB8E02,Desconhecido,White,Black,0,ASCON GENIPABU,ANPR,
612,1,"816,86",09/05/2025 20:35:30,TGS3F27,Desconhecido,White,Black,0,ASCON GENIPABU,ANPR,
613,1,"696,72",09/05/2025 20:39:43,FAO3392,Desconhecido,White,Black,0,ASCON GENIPABU,ANPR,
614,1,"822,79",09/05/2025 20:46:53,QTW8D59,Desconhecido,White,Black,0,ASCON GENIPABU,ANPR,
615,1,"622,41",09/05/2025 21:10:09,TGT5D92,Desconhecido,White,Black,0,ASCON GENIPABU,ANPR,
616,1,"641,19",09/05/2025 21:23:13,SJW4I03,Desconhecido,White,Black,0,ASCON GENIPABU,ANPR,
617,1,"949,7",09/05/2025 21:25:13,RDI7C44,Desconhecido,White,Black,0,ASCON GENIPABU,ANPR,
618,1,"866,75",09/05/2025 21:28:33,RCY5E20,Desconhecido,White,Gray,0,ASCON GENIPABU,ANPR,
619,1,"829,72",09/05/2025 21:28:35,OKU5713,Desconhecido,White,Gray,0,ASCON GENIPABU,ANPR,
620,1,"949,1",09/05/2025 21:30:04,SWL9F33,Desconhecido,White,White,0,ASCON GENIPABU,ANPR,
621,1,"979,82",09/05/2025 21:50:58,RPP1C06,Desconhecido,White,Black,0,ASCON GENIPABU,ANPR,
622,1,"764,38",09/05/2025 21:53:14,,Desconhecido,Desconhecido,Black,0,ASCON GENIPABU,ANPR,
623,1,"708,03",09/05/2025 22:32:00,,Desconhecido,Desconhecido,Black,0,ASCON GENIPABU,ANPR,
624,1,"1035,48",09/05/2025 22:33:54,PLQ6E82,Desconhecido,White,Black,0,ASCON GENIPABU,ANPR,
625,1,"908,57",09/05/2025 22:43:20,RDL0F11,Desconhecido,White,Black,0,ASCON GENIPABU,ANPR,
626,1,"986,38",09/05/2025 22:44:18,OKJ4A58,Desconhecido,White,Black,0,ASCON GENIPABU,ANPR,
627,1,"860,7",09/05/2025 23:08:20,SJX4F66,Desconhecido,White,Black,0,ASCON GENIPABU,ANPR,
628,1,"864,6",09/05/2025 23:08:23,,Desconhecido,Desconhecido,Black,0,ASCON GENIPABU,ANPR,
629,1,"834,71",09/05/2025 23:46:28,OLE2052,Desconhecido,Black,White,0,ASCON GENIPABU,ANPR,
630,1,"808,09",09/05/2025 23:59:47,,Desconhecido,Desconhecido,Black,0,ASCON GENIPABU,ANPR,
631,1,"642,4",10/05/2025 01:18:13,SKL8C49,Desconhecido,White,Gray,0,ASCON GENIPABU,ANPR,
632,1,"767,49",10/05/2025 03:42:13,E443SS8,Desconhecido,Black,Black,0,ASCON GENIPABU,ANPR,
633,1,"973,73",10/05/2025 04:08:55,OYO8F29,Desconhecido,White,Black,0,ASCON GENIPABU,ANPR,
634,1,"761,83",10/05/2025 05:15:10,,Desconhecido,Desconhecido,Black,0,ASCON GENIPABU,ANPR,
635,1,"1008,35",10/05/2025 05:32:40,,Desconhecido,Desconhecido,Black,0,ASCON GENIPABU,ANPR,
636,1,"914,05",10/05/2025 05:35:27,,Desconhecido,Desconhecido,Black,0,ASCON GENIPABU,ANPR,
637,1,"1441,91",10/05/2025 05:42:59,NZX9J19,Desconhecido,White,Black,0,ASCON GENIPABU,ANPR,
638,1,"1147,33",10/05/2025 05:43:46,SJJ3B28,Desconhecido,White,Black,0,ASCON GENIPABU,ANPR,
639,1,"1126,11",10/05/2025 05:49:23,PJI7359,Desconhecido,White,Blue,0,ASCON GENIPABU,ANPR,
640,1,"1173,78",10/05/2025 05:51:57,SKF4A53,Desconhecido,White,Black,0,ASCON GENIPABU,ANPR,
641,1,"1113,15",10/05/2025 05:53:40,OUL9G21,Desconhecido,White,Black,0,ASCON GENIPABU,ANPR,
642,1,"1131,17",10/05/2025 05:56:38,JRM5813,Desconhecido,White,Black,0,ASCON GENIPABU,ANPR,
643,1,"899,44",10/05/2025 05:56:58,PLN3C93,Desconhecido,White,Blue,0,ASCON GENIPABU,ANPR,
644,1,"1075,43",10/05/2025 06:08:49,RCT7G42,Desconhecido,White,Black,0,ASCON GENIPABU,ANPR,
645,1,"1072,88",10/05/2025 06:15:37,RPG5D07,Desconhecido,White,Black,0,ASCON GENIPABU,ANPR,
646,1,"870,37",10/05/2025 06:15:59,PLQ9E46,Desconhecido,White,White,0,ASCON GENIPABU,ANPR,
647,1,"1005,75",10/05/2025 06:22:41,OCW7J27,Desconhecido,White,Blue,0,ASCON GENIPABU,ANPR,
648,1,"1089,34",10/05/2025 06:24:26,,Desconhecido,Desconhecido,Black,0,ASCON GENIPABU,ANPR,
649,1,"1115,67",10/05/2025 06:30:24,,Desconhecido,Desconhecido,Black,0,ASCON GENIPABU,ANPR,
650,1,"1115,14",10/05/2025 06:33:05,JNV6951,Desconhecido,White,Black,0,ASCON GENIPABU,ANPR,
651,1,"1025,12",10/05/2025 06:33:32,RPM4A50,Desconhecido,White,Silver,0,ASCON GENIPABU,ANPR,
652,1,"1023,61",10/05/2025 06:34:51,JSN7723,Desconhecido,White,Blue,0,ASCON GENIPABU,ANPR,
653,1,"1152,75",10/05/2025 06:35:23,SKF2I88,Desconhecido,White,Black,0,ASCON GENIPABU,ANPR,
654,1,"1031,24",10/05/2025 06:38:07,PJG4E87,Desconhecido,White,White,0,ASCON GENIPABU,ANPR,
655,1,"1041,62",10/05/2025 06:40:47,OVD2203,Desconhecido,White,Black,0,ASCON GENIPABU,ANPR,
656,1,"980,04",10/05/2025 06:41:32,SJT1J33,Desconhecido,White,Black,0,ASCON GENIPABU,ANPR,
657,1,"1015,2",10/05/2025 06:44:46,RDQ0C74,Desconhecido,White,Black,0,ASCON GENIPABU,ANPR,
658,1,"1066,77",10/05/2025 06:45:06,PLB2775,Desconhecido,White,Black,0,ASCON GENIPABU,ANPR,
659,1,"992,77",10/05/2025 06:46:10,OFH9F11,Desconhecido,White,Black,0,ASCON GENIPABU,ANPR,
660,1,"906,06",10/05/2025 06:46:14,,Desconhecido,Desconhecido,Black,0,ASCON GENIPABU,ANPR,
661,1,"1055,2",10/05/2025 06:47:54,,Desconhecido,Desconhecido,Black,0,ASCON GENIPABU,ANPR,
662,1,"1102,72",10/05/2025 06:48:13,RPX8B70,Desconhecido,White,Black,0,ASCON GENIPABU,ANPR,
663,1,"1042,33",10/05/2025 06:48:43,OLG1289,Desconhecido,White,Black,0,ASCON GENIPABU,ANPR,
664,1,"1045,53",10/05/2025 06:49:26,CZZ7575,Desconhecido,White,Black,0,ASCON GENIPABU,ANPR,
665,1,"963,99",10/05/2025 06:49:40,PKE8446,Desconhecido,White,Red,0,ASCON GENIPABU,ANPR,
666,1,"1004,09",10/05/2025 06:50:37,OZD0964,Desconhecido,White,Silver,0,ASCON GENIPABU,ANPR,
667,1,"1015,01",10/05/2025 06:51:31,EMT5693,Desconhecido,White,Red,0,ASCON GENIPABU,ANPR,
668,1,1123,10/05/2025 06:52:30,DUX9451,Desconhecido,Black,Black,0,ASCON GENIPABU,ANPR,
669,1,"1143,41",10/05/2025 06:53:14,RPP9E18,Desconhecido,White,Black,0,ASCON GENIPABU,ANPR,
670,1,"1004,46",10/05/2025 06:53:50,NYR2508,Desconhecido,White,Black,0,ASCON GENIPABU,ANPR,
671,1,"916,88",10/05/2025 06:54:23,MZL4594,Desconhecido,White,Red,0,ASCON GENIPABU,ANPR,
672,1,"1020,8",10/05/2025 06:55:09,PKY3J96,Desconhecido,White,White,0,ASCON GENIPABU,ANPR,
673,1,"1044,43",10/05/2025 06:55:12,RCU0F12,Desconhecido,White,Black,0,ASCON GENIPABU,ANPR,
674,1,"1049,21",10/05/2025 06:56:27,SKM6E02,Desconhecido,White,Black,0,ASCON GENIPABU,ANPR,
675,1,"987,24",10/05/2025 06:56:58,NZE1C11,Desconhecido,White,Silver,0,ASCON GENIPABU,ANPR,
676,1,"1131,2",10/05/2025 07:00:30,NZY1229,Desconhecido,White,Black,0,ASCON GENIPABU,ANPR,
677,1,"1113,4",10/05/2025 07:00:31,PLS8G82,Desconhecido,White,Black,0,ASCON GENIPABU,ANPR,
678,1,"1013,5",10/05/2025 07:01:44,NFZ1138,Desconhecido,White,Blue,0,ASCON GENIPABU,ANPR,
679,1,"963,3",10/05/2025 07:02:59,VZZ0278,Desconhecido,Black,Black,0,ASCON GENIPABU,ANPR,
680,1,"940,15",10/05/2025 07:06:40,SJS3F92,Desconhecido,White,Black,0,ASCON GENIPABU,ANPR,
681,1,"979,65",10/05/2025 07:12:32,,Desconhecido,Desconhecido,Black,0,ASCON GENIPABU,ANPR,
682,1,"975,65",10/05/2025 07:12:58,SKG7B20,Desconhecido,White,Black,0,ASCON GENIPABU,ANPR,
683,1,"939,95",10/05/2025 07:13:26,PJA8H89,Desconhecido,White,Blue,0,ASCON GENIPABU,ANPR,
684,1,"1031,31",10/05/2025 07:17:32,PKU3201,Desconhecido,White,Black,0,ASCON GENIPABU,ANPR,
685,1,"985,18",10/05/2025 07:20:28,PKP9E82,Desconhecido,White,Blue,0,ASCON GENIPABU,ANPR,
686,1,"984,69",10/05/2025 07:21:28,FTG9684,Desconhecido,Desconhecido,Black,0,ASCON GENIPABU,ANPR,
687,1,"1065,78",10/05/2025 07:22:34,RDB4D19,Desconhecido,White,Black,0,ASCON GENIPABU,ANPR,
688,1,"1153,84",10/05/2025 07:22:43,SKH2C88,Desconhecido,White,Black,0,ASCON GENIPABU,ANPR,
689,1,"1029,35",10/05/2025 07:22:49,OKO8H31,Desconhecido,White,Silver,0,ASCON GENIPABU,ANPR,
690,1,"986,12",10/05/2025 07:22:55,,Desconhecido,Desconhecido,Black,0,ASCON GENIPABU,ANPR,
691,1,"881,13",10/05/2025 07:25:46,SJY6E08,Desconhecido,White,Black,0,ASCON GENIPABU,ANPR,
692,1,"960,91",10/05/2025 07:27:00,PJW2013,Desconhecido,White,Black,0,ASCON GENIPABU,ANPR,
693,1,"917,06",10/05/2025 07:32:09,OKZ4E11,Desconhecido,White,Black,0,ASCON GENIPABU,ANPR,
694,1,"948,84",10/05/2025 07:35:29,RBF7B97,Desconhecido,White,Black,0,ASCON GENIPABU,ANPR,
695,1,"1123,43",10/05/2025 07:37:53,PLL9G52,Desconhecido,White,Black,0,ASCON GENIPABU,ANPR,
696,1,"900,99",10/05/2025 07:38:44,QNV5G63,Desconhecido,White,Blue,0,ASCON GENIPABU,ANPR,
697,1,"908,28",10/05/2025 07:38:59,RDO0B39,Desconhecido,White,Blue,0,ASCON GENIPABU,ANPR,
698,1,"1069,45",10/05/2025 07:40:38,JLS8587,Desconhecido,White,Black,0,ASCON GENIPABU,ANPR,
699,1,"1106,69",10/05/2025 07:42:31,QTX3C75,Desconhecido,White,Black,0,ASCON GENIPABU,ANPR,
700,1,"1008,75",10/05/2025 07:44:11,JSY0975,Desconhecido,White,Black,0,ASCON GENIPABU,ANPR,
701,1,"975,86",10/05/2025 07:45:52,,Desconhecido,Desconhecido,Black,0,ASCON GENIPABU,ANPR,
702,1,"1033,36",10/05/2025 07:46:10,QTZ4D39,Desconhecido,White,Black,0,ASCON GENIPABU,ANPR,
703,1,"1014,3",10/05/2025 07:47:43,NTO3C77,Desconhecido,White,Black,0,ASCON GENIPABU,ANPR,
704,1,"1033,48",10/05/2025 07:47:52,,Desconhecido,Desconhecido,Black,0,ASCON GENIPABU,ANPR,
705,1,"969,68",10/05/2025 07:48:39,PLH1D37,Desconhecido,White,White,0,ASCON GENIPABU,ANPR,
706,1,"973,28",10/05/2025 07:48:42,OLK3B47,Desconhecido,White,Black,0,ASCON GENIPABU,ANPR,
707,1,"991,76",10/05/2025 07:49:17,RPU7H60,Desconhecido,White,Blue,0,ASCON GENIPABU,ANPR,
708,1,"1020,58",10/05/2025 07:49:24,JMZ9C21,Desconhecido,White,Black,0,ASCON GENIPABU,ANPR,
709,1,"968,14",10/05/2025 07:49:38,QKN6J76,Desconhecido,White,White,0,ASCON GENIPABU,ANPR,
710,1,"959,51",10/05/2025 07:50:38,RPI3C61,Desconhecido,White,Black,0,ASCON GENIPABU,ANPR,
711,1,"949,81",10/05/2025 07:50:44,NTR2F87,Desconhecido,White,Silver,0,ASCON GENIPABU,ANPR,
712,1,"1072,59",10/05/2025 07:51:05,JRJ7G86,Desconhecido,White,Black,0,ASCON GENIPABU,ANPR,
713,1,"987,56",10/05/2025 07:51:12,NYL3347,Desconhecido,White,Silver,0,ASCON GENIPABU,ANPR,
714,1,"1102,62",10/05/2025 07:52:09,SJZ3I27,Desconhecido,White,Black,0,ASCON GENIPABU,ANPR,
715,1,"925,06",10/05/2025 07:55:10,OKL8B46,Desconhecido,White,Gray,0,ASCON GENIPABU,ANPR,
716,1,"849,39",10/05/2025 07:55:46,,Desconhecido,Desconhecido,Black,0,ASCON GENIPABU,ANPR,
717,1,"970,44",10/05/2025 07:57:33,TCO8B93,Desconhecido,White,Blue,0,ASCON GENIPABU,ANPR,
718,1,"1070,88",10/05/2025 07:57:34,PJK0C01,Desconhecido,White,Black,0,ASCON GENIPABU,ANPR,
719,1,"1034,38",10/05/2025 08:01:05,,Desconhecido,Desconhecido,Black,0,ASCON GENIPABU,ANPR,
720,1,"1032,8",10/05/2025 08:01:31,PLW9H03,Desconhecido,White,Black,0,ASCON GENIPABU,ANPR,
721,1,"977,38",10/05/2025 08:02:09,PLK2A29,Desconhecido,White,White,0,ASCON GENIPABU,ANPR,
722,1,"1047,71",10/05/2025 08:06:05,,Desconhecido,Desconhecido,Black,0,ASCON GENIPABU,ANPR,
723,1,"1047,62",10/05/2025 08:09:18,NZO4G19,Desconhecido,White,Black,0,ASCON GENIPABU,ANPR,
724,1,"980,72",10/05/2025 08:10:04,OUN8768,Desconhecido,White,White,0,ASCON GENIPABU,ANPR,
725,1,"1036,91",10/05/2025 08:10:09,,Desconhecido,Desconhecido,Black,0,ASCON GENIPABU,ANPR,
726,1,"1016,93",10/05/2025 08:13:15,QTX5080,Desconhecido,White,Black,0,ASCON GENIPABU,ANPR,
727,1,"1071,48",10/05/2025 08:14:43,RDL8F63,Desconhecido,White,Black,0,ASCON GENIPABU,ANPR,
728,1,"1015,02",10/05/2025 08:14:59,IMJ247,Desconhecido,Black,Black,0,ASCON GENIPABU,ANPR,
729,1,"988,23",10/05/2025 08:16:16,OZL4525,Desconhecido,White,Silver,0,ASCON GENIPABU,ANPR,
730,1,"1084,41",10/05/2025 08:16:21,SJT4D01,Desconhecido,White,Black,0,ASCON GENIPABU,ANPR,
731,1,"984,08",10/05/2025 08:16:54,FYB8E02,Desconhecido,White,Blue,0,ASCON GENIPABU,ANPR,
732,1,"968,39",10/05/2025 08:17:12,RPW8J07,Desconhecido,White,Black,0,ASCON GENIPABU,ANPR,
733,1,"982,49",10/05/2025 08:17:20,LTY3I52,Desconhecido,White,White,0,ASCON GENIPABU,ANPR,
734,1,"1075,91",10/05/2025 08:21:25,NTE0227,Desconhecido,White,Black,0,ASCON GENIPABU,ANPR,
735,1,"1102,1",10/05/2025 08:24:00,RPI1D84,Desconhecido,White,Black,0,ASCON GENIPABU,ANPR,
736,1,"979,68",10/05/2025 08:24:33,OUQ7598,Desconhecido,White,Black,0,ASCON GENIPABU,ANPR,
737,1,"995,7",10/05/2025 08:25:17,NZK2911,Desconhecido,White,Black,0,ASCON GENIPABU,ANPR,
738,1,"991,79",10/05/2025 08:27:16,SJS1C35,Desconhecido,White,Blue,0,ASCON GENIPABU,ANPR,
739,1,"1013,09",10/05/2025 08:27:45,RDR9E77,Desconhecido,White,Black,0,ASCON GENIPABU,ANPR,
740,1,"1017,63",10/05/2025 08:30:50,,Desconhecido,Desconhecido,Black,0,ASCON GENIPABU,ANPR,
741,1,"1032,45",10/05/2025 08:31:26,SJQ0I60,Desconhecido,White,Black,0,ASCON GENIPABU,ANPR,
742,1,"844,21",10/05/2025 08:35:23,PBK9A96,Desconhecido,White,Blue,0,ASCON GENIPABU,ANPR,
743,1,"1066,21",10/05/2025 08:37:01,DKT4884,Desconhecido,White,Black,0,ASCON GENIPABU,ANPR,
744,1,"1013,61",10/05/2025 08:37:30,PJG0802,Desconhecido,White,White,0,ASCON GENIPABU,ANPR,
745,1,"1089,92",10/05/2025 08:37:32,OKL9H19,Desconhecido,White,Black,0,ASCON GENIPABU,ANPR,
746,1,"1054,14",10/05/2025 08:38:16,RPB4193,Desconhecido,White,Black,0,ASCON GENIPABU,ANPR,
747,1,"987,21",10/05/2025 08:38:48,PLW5C99,Desconhecido,Blue,Blue,0,ASCON GENIPABU,ANPR,
748,1,"938,28",10/05/2025 08:40:35,SKA0J77,Desconhecido,White,Blue,0,ASCON GENIPABU,ANPR,
749,1,"1007,03",10/05/2025 08:40:36,SKD3F06,Desconhecido,White,Black,0,ASCON GENIPABU,ANPR,
750,1,"1043,65",10/05/2025 08:43:15,,Desconhecido,Desconhecido,Black,0,ASCON GENIPABU,ANPR,
751,1,"1072,09",10/05/2025 08:44:08,RDO4A68,Desconhecido,White,Black,0,ASCON GENIPABU,ANPR,
752,1,995,10/05/2025 08:45:02,PLZ6A77,Desconhecido,White,Silver,0,ASCON GENIPABU,ANPR,
753,1,"982,91",10/05/2025 08:45:43,RCV6I86,Desconhecido,White,White,0,ASCON GENIPABU,ANPR,
754,1,"966,67",10/05/2025 08:49:01,JOZ8512,Desconhecido,White,Red,0,ASCON GENIPABU,ANPR,
755,1,"942,88",10/05/2025 08:50:51,PJW9830,Desconhecido,White,Black,0,ASCON GENIPABU,ANPR,
756,1,"919,89",10/05/2025 08:52:53,OVS5A95,Desconhecido,White,Black,0,ASCON GENIPABU,ANPR,
757,1,"936,84",10/05/2025 08:54:50,PJD7A86,Desconhecido,White,Gray,0,ASCON GENIPABU,ANPR,
758,1,"937,52",10/05/2025 08:55:12,SJS1I89,Desconhecido,White,White,0,ASCON GENIPABU,ANPR,
759,1,"1120,06",10/05/2025 08:57:25,SJJ9I65,Desconhecido,White,Black,0,ASCON GENIPABU,ANPR,
760,1,"971,92",10/05/2025 09:00:17,EZH7B53,Desconhecido,White,Gray,0,ASCON GENIPABU,ANPR,
761,1,"1017,11",10/05/2025 09:03:38,OUR5H39,Desconhecido,White,White,0,ASCON GENIPABU,ANPR,
762,1,"1012,1",10/05/2025 09:03:54,OLD8323,Desconhecido,White,Blue,0,ASCON GENIPABU,ANPR,
763,1,"875,54",10/05/2025 09:04:44,RVT2I96,Desconhecido,White,White,0,ASCON GENIPABU,ANPR,
764,1,"1011,38",10/05/2025 09:04:46,PJF4080,Desconhecido,White,Silver,0,ASCON GENIPABU,ANPR,
765,1,"1013,24",10/05/2025 09:09:49,JQX6707,Desconhecido,White,Black,0,ASCON GENIPABU,ANPR,
766,1,"936,38",10/05/2025 09:14:42,PLM0E07,Desconhecido,White,Blue,0,ASCON GENIPABU,ANPR,
767,1,"978,85",10/05/2025 09:15:03,,Desconhecido,Desconhecido,White,0,ASCON GENIPABU,ANPR,
768,1,"975,17",10/05/2025 09:19:05,PLA1810,Desconhecido,White,Black,0,ASCON GENIPABU,ANPR,
769,1,"1038,58",10/05/2025 09:19:52,MXA6934,Desconhecido,White,Black,0,ASCON GENIPABU,ANPR,
770,1,"985,43",10/05/2025 09:22:28,RFI4G14,Desconhecido,White,White,0,ASCON GENIPABU,ANPR,
771,1,"989,13",10/05/2025 09:24:06,GKE6G43,Desconhecido,White,Blue,0,ASCON GENIPABU,ANPR,
772,1,"1086,68",10/05/2025 09:24:38,SJP0E68,Desconhecido,White,Black,0,ASCON GENIPABU,ANPR,
773,1,"985,47",10/05/2025 09:26:29,BWV3D51,Desconhecido,White,Black,0,ASCON GENIPABU,ANPR,
774,1,"989,1",10/05/2025 09:27:55,RDG7G26,Desconhecido,White,Blue,0,ASCON GENIPABU,ANPR,
775,1,"985,07",10/05/2025 09:28:43,SJN6J52,Desconhecido,White,White,0,ASCON GENIPABU,ANPR,
776,1,"987,21",10/05/2025 09:29:44,SKD3H30,Desconhecido,White,Blue,0,ASCON GENIPABU,ANPR,
777,1,"987,43",10/05/2025 09:30:32,JRF7926,Desconhecido,White,Black,0,ASCON GENIPABU,ANPR,
778,1,"1071,26",10/05/2025 09:30:43,JRJ7G86,Desconhecido,White,Black,0,ASCON GENIPABU,ANPR,
779,1,"977,1",10/05/2025 09:33:03,,Desconhecido,Desconhecido,White,0,ASCON GENIPABU,ANPR,
780,1,"1051,87",10/05/2025 09:35:06,NZO4619,Desconhecido,White,Black,0,ASCON GENIPABU,ANPR,
781,1,"1015,89",10/05/2025 09:35:14,,Desconhecido,Desconhecido,Black,0,ASCON GENIPABU,ANPR,
782,1,"1056,49",10/05/2025 09:35:46,NZY1229,Desconhecido,White,Black,0,ASCON GENIPABU,ANPR,
783,1,"981,37",10/05/2025 09:38:05,PLR2H43,Desconhecido,White,Silver,0,ASCON GENIPABU,ANPR,
784,1,"1031,75",10/05/2025 09:38:17,NTE5857,Desconhecido,White,Black,0,ASCON GENIPABU,ANPR,
785,1,"965,29",10/05/2025 09:38:21,SKN3D75,Desconhecido,White,Red,0,ASCON GENIPABU,ANPR,
786,1,"970,12",10/05/2025 09:41:02,,Desconhecido,Desconhecido,Black,0,ASCON GENIPABU,ANPR,
787,1,"971,88",10/05/2025 09:41:14,PLZ6G18,Desconhecido,White,Blue,0,ASCON GENIPABU,ANPR,
788,1,"972,04",10/05/2025 09:41:34,OUF6E55,Desconhecido,White,White,0,ASCON GENIPABU,ANPR,
789,1,"1046,29",10/05/2025 09:42:14,TU5835,Desconhecido,White,Black,0,ASCON GENIPABU,ANPR,
790,1,"974,39",10/05/2025 09:43:06,RNO4C14,Desconhecido,White,White,0,ASCON GENIPABU,ANPR,
791,1,"1017,16",10/05/2025 09:44:00,NJ6373,Desconhecido,White,Black,0,ASCON GENIPABU,ANPR,
792,1,"1009,18",10/05/2025 09:49:55,RPR2F62,Desconhecido,White,Black,0,ASCON GENIPABU,ANPR,
793,1,"1058,95",10/05/2025 09:51:25,SJW3G88,Desconhecido,White,Black,0,ASCON GENIPABU,ANPR,
794,1,"971,28",10/05/2025 09:52:55,PQC9J94,Desconhecido,White,Gray,0,ASCON GENIPABU,ANPR,
795,1,"964,72",10/05/2025 09:54:49,PJE2992,Desconhecido,White,Blue,0,ASCON GENIPABU,ANPR,
796,1,"956,44",10/05/2025 09:55:02,EEI6I68,Desconhecido,White,Black,0,ASCON GENIPABU,ANPR,
797,1,"952,93",10/05/2025 09:55:05,OZL1019,Desconhecido,White,White,0,ASCON GENIPABU,ANPR,
798,1,"970,87",10/05/2025 09:55:18,SLC5A50,Desconhecido,White,White,0,ASCON GENIPABU,ANPR,
799,1,"963,49",10/05/2025 09:55:22,SJX4F66,Desconhecido,White,Gray,0,ASCON GENIPABU,ANPR,
800,1,"992,13",10/05/2025 09:56:48,,Desconhecido,Desconhecido,Black,0,ASCON GENIPABU,ANPR,
801,1,"1002,16",10/05/2025 09:59:56,OZV635,Desconhecido,Black,Black,0,ASCON GENIPABU,ANPR,
802,1,"951,01",10/05/2025 10:00:17,ALP6425,Desconhecido,White,Black,0,ASCON GENIPABU,ANPR,
803,1,"926,36",10/05/2025 10:03:44,NTI0G87,Desconhecido,White,White,0,ASCON GENIPABU,ANPR,
804,1,"975,36",10/05/2025 10:03:53,PKS2487,Desconhecido,White,Blue,0,ASCON GENIPABU,ANPR,
805,1,"982,37",10/05/2025 10:05:05,RPT0D22,Desconhecido,White,Black,0,ASCON GENIPABU,ANPR,
806,1,"1055,11",10/05/2025 10:07:12,PJI7E40,Desconhecido,White,Black,0,ASCON GENIPABU,ANPR,
807,1,"976,72",10/05/2025 10:09:47,PLV8F46,Desconhecido,White,White,0,ASCON GENIPABU,ANPR,
808,1,"968,56",10/05/2025 10:10:22,PKH7347,Desconhecido,White,White,0,ASCON GENIPABU,ANPR,
809,1,"943,83",10/05/2025 10:10:26,RPN4J57,Desconhecido,White,White,0,ASCON GENIPABU,ANPR,
810,1,"970,22",10/05/2025 10:11:45,BWV3D51,Desconhecido,White,Black,0,ASCON GENIPABU,ANPR,
811,1,"982,55",10/05/2025 10:13:08,SJG2J03,Desconhecido,White,White,0,ASCON GENIPABU,ANPR,
812,1,"1046,64",10/05/2025 10:14:52,RDN2B78,Desconhecido,White,Black,0,ASCON GENIPABU,ANPR,
813,1,"994,6",10/05/2025 10:16:07,RPC7B88,Desconhecido,White,Blue,0,ASCON GENIPABU,ANPR,
814,1,"946,19",10/05/2025 10:18:24,TDD3E14,Desconhecido,White,White,0,ASCON GENIPABU,ANPR,
815,1,"1014,92",10/05/2025 10:22:19,,Desconhecido,Desconhecido,Black,0,ASCON GENIPABU,ANPR,
816,1,"958,12",10/05/2025 10:26:14,RPZ8D64,Desconhecido,White,Black,0,ASCON GENIPABU,ANPR,
817,1,"958,62",10/05/2025 10:28:37,RPW1A69,Desconhecido,White,Black,0,ASCON GENIPABU,ANPR,
818,1,"964,99",10/05/2025 10:29:34,MB4770,Desconhecido,White,White,0,ASCON GENIPABU,ANPR,
819,1,"941,01",10/05/2025 10:30:10,IBI7737,Desconhecido,White,White,0,ASCON GENIPABU,ANPR,
820,1,"905,41",10/05/2025 10:31:04,PLH1D37,Desconhecido,White,White,0,ASCON GENIPABU,ANPR,
821,1,"968,42",10/05/2025 10:31:08,RDK7A87,Desconhecido,White,White,0,ASCON GENIPABU,ANPR,
822,1,"990,54",10/05/2025 10:31:39,OUQ7598,Desconhecido,White,Gray,0,ASCON GENIPABU,ANPR,
823,1,"863,38",10/05/2025 10:33:11,,Desconhecido,Desconhecido,White,0,ASCON GENIPABU,ANPR,
824,1,"960,54",10/05/2025 10:33:14,SJY6E08,Desconhecido,White,Black,0,ASCON GENIPABU,ANPR,
825,1,"993,73",10/05/2025 10:35:34,KF0B27,Desconhecido,White,Blue,0,ASCON GENIPABU,ANPR,
826,1,"999,63",10/05/2025 10:36:19,RCZ3A07,Desconhecido,White,Black,0,ASCON GENIPABU,ANPR,
827,1,"1001,74",10/05/2025 10:36:31,,Desconhecido,Desconhecido,Black,0,ASCON GENIPABU,ANPR,
828,1,"997,98",10/05/2025 10:37:10,SJT2A52,Desconhecido,White,Black,0,ASCON GENIPABU,ANPR,
829,1,"1043,94",10/05/2025 10:40:32,PJY2F77,Desconhecido,White,Black,0,ASCON GENIPABU,ANPR,
830,1,"1023,21",10/05/2025 10:41:39,,Desconhecido,Desconhecido,Black,0,ASCON GENIPABU,ANPR,
831,1,"998,13",10/05/2025 10:41:45,NZY2650,Desconhecido,White,Silver,0,ASCON GENIPABU,ANPR,
832,1,"997,77",10/05/2025 10:45:24,PLR2I94,Desconhecido,White,Silver,0,ASCON GENIPABU,ANPR,
833,1,"984,27",10/05/2025 10:45:31,OKS2J03,Desconhecido,White,White,0,ASCON GENIPABU,ANPR,
834,1,"971,41",10/05/2025 10:45:36,RPA7D53,Desconhecido,White,Blue,0,ASCON GENIPABU,ANPR,
835,1,"988,01",10/05/2025 10:47:57,RPD7A77,Desconhecido,White,Black,0,ASCON GENIPABU,ANPR,
836,1,"987,02",10/05/2025 10:51:39,RBX8F65,Desconhecido,White,White,0,ASCON GENIPABU,ANPR,
837,1,"1068,02",10/05/2025 10:52:26,SKH8C51,Desconhecido,White,Black,0,ASCON GENIPABU,ANPR,
838,1,"991,07",10/05/2025 10:53:06,RPB1B15,Desconhecido,White,Gray,0,ASCON GENIPABU,ANPR,
839,1,"977,23",10/05/2025 11:01:34,,Desconhecido,Desconhecido,Black,0,ASCON GENIPABU,ANPR,
840,1,"992,4",10/05/2025 11:03:23,,Desconhecido,Desconhecido,White,0,ASCON GENIPABU,ANPR,
841,1,"994,83",10/05/2025 11:04:51,RPD7I60,Desconhecido,White,White,0,ASCON GENIPABU,ANPR,
842,1,"976,94",10/05/2025 11:07:01,RDF9D66,Desconhecido,White,Black,0,ASCON GENIPABU,ANPR,
843,1,"1088,18",10/05/2025 11:08:22,SJQ0I60,Desconhecido,White,Black,0,ASCON GENIPABU,ANPR,
844,1,"1005,8",10/05/2025 11:10:05,NZK2911,Desconhecido,White,Blue,0,ASCON GENIPABU,ANPR,
845,1,"972,26",10/05/2025 11:10:51,TCY7H25,Desconhecido,White,White,0,ASCON GENIPABU,ANPR,
846,1,"1027,6",10/05/2025 11:12:11,PKU3201,Desconhecido,White,Black,0,ASCON GENIPABU,ANPR,
847,1,"981,06",10/05/2025 11:13:17,RDB1G16,Desconhecido,White,Silver,0,ASCON GENIPABU,ANPR,
848,1,"985,2",10/05/2025 11:14:32,TGS7D05,Desconhecido,White,Black,0,ASCON GENIPABU,ANPR,
849,1,"985,13",10/05/2025 11:14:46,QYB1G32,Desconhecido,White,Black,0,ASCON GENIPABU,ANPR,
850,1,"933,83",10/05/2025 11:16:46,LTY3I52,Desconhecido,White,White,0,ASCON GENIPABU,ANPR,
851,1,"990,96",10/05/2025 11:17:04,RPC9A10,Desconhecido,White,Blue,0,ASCON GENIPABU,ANPR,
852,1,"1018,9",10/05/2025 11:17:16,RPB4D84,Desconhecido,White,Black,0,ASCON GENIPABU,ANPR,
853,1,"1106,7",10/05/2025 11:17:23,RDL7C59,Desconhecido,White,Black,0,ASCON GENIPABU,ANPR,
854,1,"1016,7",10/05/2025 11:17:50,RPQ8G51,Desconhecido,White,Red,0,ASCON GENIPABU,ANPR,
855,1,"1022,44",10/05/2025 11:17:55,PKP0034,Desconhecido,White,White,0,ASCON GENIPABU,ANPR,
856,1,"1000,72",10/05/2025 11:18:37,RPM8F68,Desconhecido,White,Blue,0,ASCON GENIPABU,ANPR,
857,1,"1068,75",10/05/2025 11:19:33,,Desconhecido,Desconhecido,Black,0,ASCON GENIPABU,ANPR,
858,1,"1067,47",10/05/2025 11:19:44,,Desconhecido,Desconhecido,Black,0,ASCON GENIPABU,ANPR,
859,1,1015,10/05/2025 11:20:46,SKD7F65,Desconhecido,White,Blue,0,ASCON GENIPABU,ANPR,
860,1,"969,73",10/05/2025 11:21:27,PKZ4I25,Desconhecido,White,Black,0,ASCON GENIPABU,ANPR,
861,1,"989,97",10/05/2025 11:22:05,RDB6E68,Desconhecido,White,Black,0,ASCON GENIPABU,ANPR,
862,1,"963,9",10/05/2025 11:22:36,PJG5246,Desconhecido,White,Silver,0,ASCON GENIPABU,ANPR,
863,1,"965,54",10/05/2025 11:25:31,,Desconhecido,Desconhecido,Black,0,ASCON GENIPABU,ANPR,
864,1,"971,77",10/05/2025 11:26:36,PLV3A00,Desconhecido,White,White,0,ASCON GENIPABU,ANPR,
865,1,"1014,16",10/05/2025 11:32:40,OVD2203,Desconhecido,White,Black,0,ASCON GENIPABU,ANPR,
866,1,"974,67",10/05/2025 11:33:31,JSG9294,Desconhecido,White,Silver,0,ASCON GENIPABU,ANPR,
867,1,"986,39",10/05/2025 11:34:28,SCW3D47,Desconhecido,White,Black,0,ASCON GENIPABU,ANPR,
868,1,"968,81",10/05/2025 11:34:36,JSG6415,Desconhecido,White,Black,0,ASCON GENIPABU,ANPR,
869,1,"960,66",10/05/2025 11:39:20,PKH5836,Desconhecido,White,Silver,0,ASCON GENIPABU,ANPR,
870,1,"987,79",10/05/2025 11:41:16,SYR0E84,Desconhecido,White,Blue,0,ASCON GENIPABU,ANPR,
871,1,"940,42",10/05/2025 11:41:21,QKQ4D77,Desconhecido,White,Black,0,ASCON GENIPABU,ANPR,
872,1,"938,34",10/05/2025 11:41:57,RCV4J61,Desconhecido,White,Silver,0,ASCON GENIPABU,ANPR,
873,1,"952,15",10/05/2025 11:44:17,OKU5713,Desconhecido,White,White,0,ASCON GENIPABU,ANPR,
874,1,"949,9",10/05/2025 11:46:05,SKP6I06,Desconhecido,White,Blue,0,ASCON GENIPABU,ANPR,
875,1,"900,73",10/05/2025 11:48:21,SJS1C35,Desconhecido,White,White,0,ASCON GENIPABU,ANPR,
876,1,"950,1",10/05/2025 11:48:29,,Desconhecido,Desconhecido,White,0,ASCON GENIPABU,ANPR,
877,1,"976,66",10/05/2025 11:50:20,OLE6583,Desconhecido,White,White,0,ASCON GENIPABU,ANPR,
878,1,"995,67",10/05/2025 11:50:34,,Desconhecido,Desconhecido,Black,0,ASCON GENIPABU,ANPR,
879,1,"871,14",10/05/2025 11:50:52,,Desconhecido,Desconhecido,White,0,ASCON GENIPABU,ANPR,
880,1,"1026,01",10/05/2025 11:50:53,RPG7I36,Desconhecido,White,Black,0,ASCON GENIPABU,ANPR,
881,1,"1063,14",10/05/2025 11:54:35,RDP2G22,Desconhecido,White,Gray,0,ASCON GENIPABU,ANPR,
882,1,"984,9",10/05/2025 11:55:26,RDP5E60,Desconhecido,White,Silver,0,ASCON GENIPABU,ANPR,
883,1,"1016,25",10/05/2025 11:59:48,SKD9J72,Desconhecido,White,Gray,0,ASCON GENIPABU,ANPR,
884,1,"1010,77",10/05/2025 12:05:53,JQZ7175,Desconhecido,White,White,0,ASCON GENIPABU,ANPR,
885,1,"986,64",10/05/2025 12:05:58,SKS6J33,Desconhecido,White,White,0,ASCON GENIPABU,ANPR,
886,1,"1010,49",10/05/2025 12:06:18,OKO8H31,Desconhecido,White,Silver,0,ASCON GENIPABU,ANPR,
887,1,"1138,14",10/05/2025 12:06:47,RDG2450,Desconhecido,White,Black,0,ASCON GENIPABU,ANPR,
888,1,"1111,73",10/05/2025 12:06:52,,Desconhecido,Desconhecido,Black,0,ASCON GENIPABU,ANPR,
889,1,"1007,47",10/05/2025 12:07:05,PLS9E00,Desconhecido,White,Blue,0,ASCON GENIPABU,ANPR,
890,1,"992,1",10/05/2025 12:08:08,PKO5314,Desconhecido,White,Silver,0,ASCON GENIPABU,ANPR,
891,1,"1093,16",10/05/2025 12:09:50,,Desconhecido,Desconhecido,Black,0,ASCON GENIPABU,ANPR,
892,1,"1127,56",10/05/2025 12:09:54,,Desconhecido,Desconhecido,Black,0,ASCON GENIPABU,ANPR,
893,1,"1237,5",10/05/2025 12:09:55,,Desconhecido,Desconhecido,Black,0,ASCON GENIPABU,ANPR,
894,1,"1007,35",10/05/2025 12:11:23,PLB1J24,Desconhecido,White,White,0,ASCON GENIPABU,ANPR,
895,1,"1081,75",10/05/2025 12:11:27,NZE0402,Desconhecido,White,Black,0,ASCON GENIPABU,ANPR,
896,1,"1003,06",10/05/2025 12:13:33,RNF0B14,Desconhecido,White,White,0,ASCON GENIPABU,ANPR,
897,1,1008,10/05/2025 12:18:18,,Desconhecido,Desconhecido,White,0,ASCON GENIPABU,ANPR,
898,1,"1022,71",10/05/2025 12:18:26,PJE7E16,Desconhecido,White,Black,0,ASCON GENIPABU,ANPR,
899,1,"996,75",10/05/2025 12:21:39,RPS0D12,Desconhecido,White,White,0,ASCON GENIPABU,ANPR,
900,1,"1007,94",10/05/2025 12:27:02,PLY2H92,Desconhecido,White,Red,0,ASCON GENIPABU,ANPR,
901,1,"1094,09",10/05/2025 12:29:12,CVQ7196,Desconhecido,White,Black,0,ASCON GENIPABU,ANPR,
902,1,"1003,3",10/05/2025 12:30:23,PJS5402,Desconhecido,White,Silver,0,ASCON GENIPABU,ANPR,
903,1,"967,79",10/05/2025 12:33:59,RDN3D71,Desconhecido,White,White,0,ASCON GENIPABU,ANPR,
904,1,"1009,53",10/05/2025 12:36:12,PKS5039,Desconhecido,White,Red,0,ASCON GENIPABU,ANPR,
905,1,"996,76",10/05/2025 12:37:12,PPB0747,Desconhecido,White,White,0,ASCON GENIPABU,ANPR,
906,1,"1062,4",10/05/2025 12:37:42,DVD2203,Desconhecido,White,Black,0,ASCON GENIPABU,ANPR,
907,1,"1005,58",10/05/2025 12:40:02,RPT0D22,Desconhecido,White,Blue,0,ASCON GENIPABU,ANPR,
908,1,"994,6",10/05/2025 12:43:04,RCY7I25,Desconhecido,White,Silver,0,ASCON GENIPABU,ANPR,
909,1,"1048,6",10/05/2025 12:44:33,,Desconhecido,Desconhecido,Black,0,ASCON GENIPABU,ANPR,
910,1,"1004,84",10/05/2025 12:44:55,BWV3D51,Desconhecido,White,Blue,0,ASCON GENIPABU,ANPR,
911,1,"989,67",10/05/2025 12:46:04,OUQ7598,Desconhecido,White,Silver,0,ASCON GENIPABU,ANPR,
912,1,"1006,3",10/05/2025 12:50:05,JSR4345,Desconhecido,White,Blue,0,ASCON GENIPABU,ANPR,
913,1,"1005,76",10/05/2025 12:51:20,PY4A77,Desconhecido,White,Blue,0,ASCON GENIPABU,ANPR,
914,1,"1005,31",10/05/2025 12:53:03,PLR8D79,Desconhecido,White,Silver,0,ASCON GENIPABU,ANPR,
915,1,"1077,01",10/05/2025 12:56:29,SJV5E3,Desconhecido,White,Black,0,ASCON GENIPABU,ANPR,
916,1,"1001,18",10/05/2025 12:58:06,PKC7E26,Desconhecido,White,Silver,0,ASCON GENIPABU,ANPR,
917,1,"995,68",10/05/2025 12:59:18,TAU8H99,Desconhecido,White,White,0,ASCON GENIPABU,ANPR,
918,1,"993,36",10/05/2025 13:00:09,PGW3I80,Desconhecido,White,White,0,ASCON GENIPABU,ANPR,
919,1,"996,45",10/05/2025 13:00:51,KYW6G37,Desconhecido,White,Black,0,ASCON GENIPABU,ANPR,
920,1,"994,23",10/05/2025 13:03:50,PJL6735,Desconhecido,White,White,0,ASCON GENIPABU,ANPR,
921,1,"995,52",10/05/2025 13:04:46,PLD3J94,Desconhecido,White,White,0,ASCON GENIPABU,ANPR,
922,1,"995,26",10/05/2025 13:09:17,,Desconhecido,Desconhecido,Silver,0,ASCON GENIPABU,ANPR,
923,1,"989,06",10/05/2025 13:10:03,SKE9I77,Desconhecido,White,White,0,ASCON GENIPABU,ANPR,
924,1,"1077,21",10/05/2025 13:11:15,NTE0529,Desconhecido,White,Black,0,ASCON GENIPABU,ANPR,
925,1,"1001,48",10/05/2025 13:14:33,OUP5945,Desconhecido,White,Blue,0,ASCON GENIPABU,ANPR,
926,1,"981,52",10/05/2025 13:14:42,,Desconhecido,Desconhecido,White,0,ASCON GENIPABU,ANPR,
927,1,"1074,12",10/05/2025 13:15:37,OVD7902,Desconhecido,White,Black,0,ASCON GENIPABU,ANPR,
928,1,"954,66",10/05/2025 13:17:41,,Desconhecido,Desconhecido,Black,0,ASCON GENIPABU,ANPR,
929,1,"993,78",10/05/2025 13:18:02,TCO8B93,Desconhecido,White,Blue,0,ASCON GENIPABU,ANPR,
930,1,"997,56",10/05/2025 13:18:30,PKJ5206,Desconhecido,White,Brown,0,ASCON GENIPABU,ANPR,
931,1,"1118,42",10/05/2025 13:20:02,,Desconhecido,Desconhecido,Black,0,ASCON GENIPABU,ANPR,
932,1,"996,89",10/05/2025 13:23:23,RDR0J13,Desconhecido,White,Red,0,ASCON GENIPABU,ANPR,
933,1,"958,98",10/05/2025 13:27:10,RPD8A93,Desconhecido,White,White,0,ASCON GENIPABU,ANPR,
934,1,"989,27",10/05/2025 13:27:16,,Desconhecido,Desconhecido,Blue,0,ASCON GENIPABU,ANPR,
935,1,"995,94",10/05/2025 13:28:57,SWL9F33,Desconhecido,White,Red,0,ASCON GENIPABU,ANPR,
936,1,"999,6",10/05/2025 13:29:07,FJI0D81,Desconhecido,White,Gray,0,ASCON GENIPABU,ANPR,
937,1,"937,12",10/05/2025 13:29:38,SJW4I03,Desconhecido,White,White,0,ASCON GENIPABU,ANPR,
938,1,"980,59",10/05/2025 13:33:15,PKJ1D67,Desconhecido,White,Black,0,ASCON GENIPABU,ANPR,
939,1,"1080,58",10/05/2025 13:36:20,JQH5007,Desconhecido,White,Black,0,ASCON GENIPABU,ANPR,
940,1,"946,85",10/05/2025 13:39:11,REQ5D25,Desconhecido,White,Black,0,ASCON GENIPABU,ANPR,
941,1,"1009,38",10/05/2025 13:40:39,SJV8B97,Desconhecido,White,Black,0,ASCON GENIPABU,ANPR,
942,1,"971,4",10/05/2025 13:41:02,,Desconhecido,Desconhecido,White,0,ASCON GENIPABU,ANPR,
943,1,"944,34",10/05/2025 13:43:54,NZK2911,Desconhecido,White,Black,0,ASCON GENIPABU,ANPR,
944,1,"940,64",10/05/2025 13:45:15,RPZ9J42,Desconhecido,White,White,0,ASCON GENIPABU,ANPR,
945,1,"973,15",10/05/2025 13:48:07,PLY1J47,Desconhecido,White,White,0,ASCON GENIPABU,ANPR,
946,1,"935,09",10/05/2025 13:48:10,NZL7381,Desconhecido,White,White,0,ASCON GENIPABU,ANPR,
947,1,"940,45",10/05/2025 13:50:28,OLB6I14,Desconhecido,White,White,0,ASCON GENIPABU,ANPR,
948,1,"924,39",10/05/2025 13:50:31,EYL3F94,Desconhecido,White,White,0,ASCON GENIPABU,ANPR,
949,1,"962,89",10/05/2025 13:51:19,SKM9C88,Desconhecido,White,White,0,ASCON GENIPABU,ANPR,
950,1,"1030,71",10/05/2025 13:51:30,PKU3201,Desconhecido,White,Black,0,ASCON GENIPABU,ANPR,
951,1,"1015,16",10/05/2025 13:56:49,PJV9278,Desconhecido,White,Black,0,ASCON GENIPABU,ANPR,
952,1,"923,18",10/05/2025 13:57:09,,Desconhecido,Desconhecido,Red,0,ASCON GENIPABU,ANPR,
953,1,"1003,15",10/05/2025 13:57:10,REO7E77,Desconhecido,White,Red,0,ASCON GENIPABU,ANPR,
954,1,"1030,03",10/05/2025 13:57:23,OFH9F11,Desconhecido,White,Black,0,ASCON GENIPABU,ANPR,
